id,variable,valor,flag_iqr,flag_zscore,low_iqr,high_iqr
Sep25_6d1edcf8,precio,24500000.0,1,0,-6700000.0,21300000.0
Sep25_47f00124,precio,30177011.0,1,0,-6700000.0,21300000.0
Sep25_9763a871,precio,69000000.0,1,1,-6700000.0,21300000.0
Sep25_71daa1e7,precio,31500000.0,1,0,-6700000.0,21300000.0
Sep25_58aaf630,precio,35737840.0,1,0,-6700000.0,21300000.0
Sep25_b3e403ca,precio,26990000.0,1,0,-6700000.0,21300000.0
Sep25_01e7896b,precio,24400000.0,1,0,-6700000.0,21300000.0
Sep25_f4abbeb5,precio,27750000.0,1,0,-6700000.0,21300000.0
Sep25_14003d46,precio,31712538.0,1,0,-6700000.0,21300000.0
Sep25_33d9f512,precio,27500000.0,1,0,-6700000.0,21300000.0
Sep25_79a0e4ca,precio,23990000.0,1,0,-6700000.0,21300000.0
Sep25_2ebafa62,precio,32615000.0,1,0,-6700000.0,21300000.0
Sep25_5267af8e,precio,27974632.0,1,0,-6700000.0,21300000.0
Sep25_77bd80e3,precio,59000000.0,1,1,-6700000.0,21300000.0
Sep25_bf2d17d2,precio,38000000.0,1,0,-6700000.0,21300000.0
Sep25_366d4cfa,precio,26800000.0,1,0,-6700000.0,21300000.0
Sep25_2938b0d1,precio,24500000.0,1,0,-6700000.0,21300000.0
Sep25_35604c7b,precio,28546969.0,1,0,-6700000.0,21300000.0
Sep25_5c3125a8,precio,27990000.0,1,0,-6700000.0,21300000.0
Sep25_67182ccd,precio,31497138.0,1,0,-6700000.0,21300000.0
Sep25_252a3f44,precio,27500000.0,1,0,-6700000.0,21300000.0
Sep25_aa8d9a34,precio,25000000.0,1,0,-6700000.0,21300000.0
Sep25_6277b0d7,precio,45000000.0,1,1,-6700000.0,21300000.0
Sep25_0c427024,precio,35000000.0,1,0,-6700000.0,21300000.0
Sep25_7c79f65a,precio,27925999.0,1,0,-6700000.0,21300000.0
Sep25_29339ef1,precio,30000000.0,1,0,-6700000.0,21300000.0
Sep25_1e455614,precio,35000000.0,1,0,-6700000.0,21300000.0
Sep25_988bcdce,precio,32900000.0,1,0,-6700000.0,21300000.0
Sep25_dc81e8a6,precio,33549999.0,1,0,-6700000.0,21300000.0
Sep25_4091d4bc,precio,27500000.0,1,0,-6700000.0,21300000.0
Sep25_b8725f83,precio,32800000.0,1,0,-6700000.0,21300000.0
Sep25_d02a8479,precio,28000000.0,1,0,-6700000.0,21300000.0
Sep25_e75f8f78,precio,24000000.0,1,0,-6700000.0,21300000.0
Sep25_eb146e9b,precio,28900000.0,1,0,-6700000.0,21300000.0
Sep25_35b06328,precio,32500000.0,1,0,-6700000.0,21300000.0
Sep25_591e33a1,precio,23300000.0,1,0,-6700000.0,21300000.0
Sep25_828659e0,precio,70000000.0,1,1,-6700000.0,21300000.0
Sep25_b2891058,precio,28531999.0,1,0,-6700000.0,21300000.0
Sep25_88f46d50,precio,35000000.0,1,0,-6700000.0,21300000.0
Sep25_5f340983,precio,45000000.0,1,1,-6700000.0,21300000.0
Sep25_ebf6c698,precio,22950000.0,1,0,-6700000.0,21300000.0
Sep25_968668de,precio,23400000.0,1,0,-6700000.0,21300000.0
Sep25_855bbdff,precio,78000000.0,1,1,-6700000.0,21300000.0
Sep25_819746f2,precio,53000000.0,1,1,-6700000.0,21300000.0
Sep25_1de3f7fb,precio,21500000.0,1,0,-6700000.0,21300000.0
Sep25_26d75fc2,precio,50000000.0,1,1,-6700000.0,21300000.0
Sep25_c3595b88,precio,30900000.0,1,0,-6700000.0,21300000.0
Sep25_790814bf,precio,26000000.0,1,0,-6700000.0,21300000.0
Sep25_536a9d7c,precio,39865000.0,1,1,-6700000.0,21300000.0
Sep25_5861f705,precio,75900000.0,1,1,-6700000.0,21300000.0
Sep25_fd9af4c0,precio,40899999.0,1,1,-6700000.0,21300000.0
Sep25_3c04c1e6,precio,29500000.0,1,0,-6700000.0,21300000.0
Sep25_d8e61807,precio,33900000.0,1,0,-6700000.0,21300000.0
Sep25_8b1569fc,precio,54990000.0,1,1,-6700000.0,21300000.0
Sep25_998d8f2d,precio,36000000.0,1,0,-6700000.0,21300000.0
Sep25_95728795,precio,28950000.0,1,0,-6700000.0,21300000.0
Sep25_adcdd5a5,precio,35000000.0,1,0,-6700000.0,21300000.0
Sep25_0b769037,precio,37900000.0,1,0,-6700000.0,21300000.0
Sep25_a80464eb,precio,34929999.0,1,0,-6700000.0,21300000.0
Sep25_ca8ae342,precio,23900000.0,1,0,-6700000.0,21300000.0
Sep25_5614898c,precio,24648040.0,1,0,-6700000.0,21300000.0
Sep25_63ae92c1,precio,23390000.0,1,0,-6700000.0,21300000.0
Sep25_d3ed2cb4,precio,22100194.0,1,0,-6700000.0,21300000.0
Sep25_1d7b0229,precio,31574750.0,1,0,-6700000.0,21300000.0
Sep25_5595a8ec,precio,25270656.0,1,0,-6700000.0,21300000.0
Sep25_721643b9,precio,31232456.0,1,0,-6700000.0,21300000.0
Sep25_23722fd6,precio,33422200.0,1,0,-6700000.0,21300000.0
Sep25_32ed04ae,precio,28276389.0,1,0,-6700000.0,21300000.0
Sep25_f8529869,precio,24523462.0,1,0,-6700000.0,21300000.0
Sep25_aad248d8,precio,21463020.0,1,0,-6700000.0,21300000.0
Sep25_1e998efb,precio,25787140.0,1,0,-6700000.0,21300000.0
Sep25_3edbfe03,precio,39990000.0,1,1,-6700000.0,21300000.0
Sep25_4702987b,precio,49750000.0,1,1,-6700000.0,21300000.0
Sep25_18c77282,precio,24185451.0,1,0,-6700000.0,21300000.0
Sep25_f6878ab2,precio,22500000.0,1,0,-6700000.0,21300000.0
Sep25_523d3576,precio,21859372.0,1,0,-6700000.0,21300000.0
Sep25_78e036f7,precio,27000000.0,1,0,-6700000.0,21300000.0
Sep25_f22262a9,precio,36950000.0,1,0,-6700000.0,21300000.0
Sep25_4db2aaa7,precio,23893528.0,1,0,-6700000.0,21300000.0
Sep25_bad3f964,precio,24000000.0,1,0,-6700000.0,21300000.0
Sep25_e8aa70e5,precio,29257258.0,1,0,-6700000.0,21300000.0
Sep25_bb0a162f,precio,34500000.0,1,0,-6700000.0,21300000.0
Sep25_62de18b7,precio,29719012.0,1,0,-6700000.0,21300000.0
Sep25_1329d007,precio,21950000.0,1,0,-6700000.0,21300000.0
Sep25_05774fb3,precio,31875684.0,1,0,-6700000.0,21300000.0
Sep25_31904e15,precio,24900000.0,1,0,-6700000.0,21300000.0
Sep25_9e21f0e0,precio,29500000.0,1,0,-6700000.0,21300000.0
Sep25_06c91912,precio,34812411.0,1,0,-6700000.0,21300000.0
Sep25_98d9090a,precio,34700000.0,1,0,-6700000.0,21300000.0
Sep25_96768426,precio,21500000.0,1,0,-6700000.0,21300000.0
Sep25_f326e9d3,precio,40000000.0,1,1,-6700000.0,21300000.0
Sep25_ef947e2c,precio,29500000.0,1,0,-6700000.0,21300000.0
Sep25_d527760e,precio,30502984.0,1,0,-6700000.0,21300000.0
Sep25_c635fe29,precio,35021075.0,1,0,-6700000.0,21300000.0
Sep25_71a549f2,precio,33796516.0,1,0,-6700000.0,21300000.0
Sep25_2e794998,precio,28512327.0,1,0,-6700000.0,21300000.0
Sep25_3e9fc4fb,precio,45500000.0,1,1,-6700000.0,21300000.0
Sep25_b3ecee0d,precio,31800000.0,1,0,-6700000.0,21300000.0
Sep25_e3e897a8,precio,27995000.0,1,0,-6700000.0,21300000.0
Sep25_919548b6,precio,33000000.0,1,0,-6700000.0,21300000.0
Sep25_ea2f4f16,precio,32000000.0,1,0,-6700000.0,21300000.0
Sep25_6b898747,precio,24950000.0,1,0,-6700000.0,21300000.0
Sep25_1114ae53,precio,34000000.0,1,0,-6700000.0,21300000.0
Sep25_7433b1ea,precio,31300000.0,1,0,-6700000.0,21300000.0
Sep25_d93aec86,precio,36900000.0,1,0,-6700000.0,21300000.0
Sep25_c930ef77,precio,35900999.0,1,0,-6700000.0,21300000.0
Sep25_ff64d351,precio,37500000.0,1,0,-6700000.0,21300000.0
Sep25_1409a8ae,precio,32000000.0,1,0,-6700000.0,21300000.0
Sep25_a2e5c35f,precio,25000000.0,1,0,-6700000.0,21300000.0
Sep25_72fb5326,precio,22500000.0,1,0,-6700000.0,21300000.0
Sep25_f2ae3c16,precio,33850000.0,1,0,-6700000.0,21300000.0
Sep25_c7b5b124,precio,47000000.0,1,1,-6700000.0,21300000.0
Sep25_39067cb7,precio,36000000.0,1,0,-6700000.0,21300000.0
Sep25_ca52a7fa,precio,41000000.0,1,1,-6700000.0,21300000.0
Sep25_3670f456,precio,46000000.0,1,1,-6700000.0,21300000.0
Sep25_5d4948bc,precio,24000000.0,1,0,-6700000.0,21300000.0
Sep25_55a8401e,precio,27350000.0,1,0,-6700000.0,21300000.0
Sep25_21344345,precio,27000000.0,1,0,-6700000.0,21300000.0
Sep25_1e48b5c4,precio,22000000.0,1,0,-6700000.0,21300000.0
Sep25_4d4c8c41,precio,25528999.0,1,0,-6700000.0,21300000.0
Sep25_f21ad193,precio,38202999.0,1,0,-6700000.0,21300000.0
Sep25_8a004ea5,precio,69000000.0,1,1,-6700000.0,21300000.0
Sep25_980af69c,precio,21400000.0,1,0,-6700000.0,21300000.0
Sep25_78954c17,precio,25265999.0,1,0,-6700000.0,21300000.0
Sep25_7687d963,precio,23950000.0,1,0,-6700000.0,21300000.0
Sep25_a20a715a,precio,36990000.0,1,0,-6700000.0,21300000.0
Sep25_6e0c5205,precio,24750000.0,1,0,-6700000.0,21300000.0
Sep25_74562d27,precio,69000000.0,1,1,-6700000.0,21300000.0
Sep25_58565a99,precio,38500000.0,1,0,-6700000.0,21300000.0
Sep25_3544f45e,precio,37900000.0,1,0,-6700000.0,21300000.0
Sep25_ba6e058a,precio,28700000.0,1,0,-6700000.0,21300000.0
Sep25_6d4e686b,precio,22000000.0,1,0,-6700000.0,21300000.0
Sep25_fb091ba1,precio,55000000.0,1,1,-6700000.0,21300000.0
Sep25_b569cb7f,precio,36000000.0,1,0,-6700000.0,21300000.0
Sep25_a6308f21,precio,32000000.0,1,0,-6700000.0,21300000.0
Sep25_7dbca937,precio,23480999.0,1,0,-6700000.0,21300000.0
Sep25_f1a22d0e,precio,26000000.0,1,0,-6700000.0,21300000.0
Sep25_1475d4cb,precio,32000000.0,1,0,-6700000.0,21300000.0
Sep25_98162ef6,precio,21500000.0,1,0,-6700000.0,21300000.0
Sep25_b030f93f,precio,21900000.0,1,0,-6700000.0,21300000.0
Sep25_52b386af,precio,26650000.0,1,0,-6700000.0,21300000.0
Sep25_95354041,precio,42200999.0,1,1,-6700000.0,21300000.0
Sep25_ee37f9f4,precio,34000000.0,1,0,-6700000.0,21300000.0
Sep25_6adbe2c2,precio,43000000.0,1,1,-6700000.0,21300000.0
Sep25_e6a8db06,precio,50000000.0,1,1,-6700000.0,21300000.0
Sep25_a631d4ba,precio,39900000.0,1,1,-6700000.0,21300000.0
Sep25_f88be512,precio,32800000.0,1,0,-6700000.0,21300000.0
Sep25_08b3f886,precio,34500000.0,1,0,-6700000.0,21300000.0
Sep25_c0a66ed6,precio,31530000.0,1,0,-6700000.0,21300000.0
Sep25_4522bc74,precio,35000000.0,1,0,-6700000.0,21300000.0
Sep25_80e438f5,precio,40000000.0,1,1,-6700000.0,21300000.0
Sep25_67e23757,precio,23000000.0,1,0,-6700000.0,21300000.0
Sep25_cc92d6a9,precio,23400000.0,1,0,-6700000.0,21300000.0
Sep25_8de65b8f,precio,22750000.0,1,0,-6700000.0,21300000.0
Sep25_01c415df,precio,23500000.0,1,0,-6700000.0,21300000.0
Sep25_0e5b3e83,precio,24000000.0,1,0,-6700000.0,21300000.0
Sep25_b51672a3,precio,25000000.0,1,0,-6700000.0,21300000.0
Sep25_22f1bb8b,precio,22500000.0,1,0,-6700000.0,21300000.0
Sep25_0d41c885,precio,32500000.0,1,0,-6700000.0,21300000.0
Sep25_681c2444,precio,28780000.0,1,0,-6700000.0,21300000.0
Sep25_2579b3b6,precio,36950000.0,1,0,-6700000.0,21300000.0
Sep25_7632a50b,precio,34500000.0,1,0,-6700000.0,21300000.0
Sep25_f4c78e67,precio,32000000.0,1,0,-6700000.0,21300000.0
Sep25_10359e10,precio,25800000.0,1,0,-6700000.0,21300000.0
Sep25_952a20ca,precio,24840000.0,1,0,-6700000.0,21300000.0
Sep25_11911bb1,precio,29000000.0,1,0,-6700000.0,21300000.0
Sep25_aa4ac4c7,precio,65000000.0,1,1,-6700000.0,21300000.0
Sep25_f2ceb18c,precio,38500000.0,1,0,-6700000.0,21300000.0
Sep25_6481e2fd,precio,25000000.0,1,0,-6700000.0,21300000.0
Sep25_a3d94e8d,precio,33000000.0,1,0,-6700000.0,21300000.0
Sep25_119bf6ec,precio,55000000.0,1,1,-6700000.0,21300000.0
Sep25_538b41e7,precio,24000000.0,1,0,-6700000.0,21300000.0
Sep25_44a302f3,precio,43400000.0,1,1,-6700000.0,21300000.0
Sep25_c2de4992,precio,30800000.0,1,0,-6700000.0,21300000.0
Sep25_8f189fdd,precio,60000000.0,1,1,-6700000.0,21300000.0
Sep25_631b0a8a,precio,53000000.0,1,1,-6700000.0,21300000.0
Sep25_85b85c3b,precio,23000000.0,1,0,-6700000.0,21300000.0
Sep25_a22e473c,precio,32000000.0,1,0,-6700000.0,21300000.0
Sep25_0f679a90,precio,23710999.0,1,0,-6700000.0,21300000.0
Sep25_b5b0fd7c,precio,32279999.0,1,0,-6700000.0,21300000.0
Sep25_e9f3d3d2,precio,59990000.0,1,1,-6700000.0,21300000.0
Sep25_6512bf29,precio,24000000.0,1,0,-6700000.0,21300000.0
Sep25_6be64fb7,precio,36000000.0,1,0,-6700000.0,21300000.0
Sep25_a0da1403,precio,29900000.0,1,0,-6700000.0,21300000.0
Sep25_205eead6,precio,23950000.0,1,0,-6700000.0,21300000.0
Sep25_179666b6,precio,26500000.0,1,0,-6700000.0,21300000.0
Sep25_803f881f,precio,21770000.0,1,0,-6700000.0,21300000.0
Sep25_c17bf0df,precio,30000000.0,1,0,-6700000.0,21300000.0
Sep25_226fe650,precio,33000000.0,1,0,-6700000.0,21300000.0
Sep25_92c8611a,precio,25000000.0,1,0,-6700000.0,21300000.0
Sep25_107b85cf,precio,21990000.0,1,0,-6700000.0,21300000.0
Sep25_6ec365f2,precio,49900000.0,1,1,-6700000.0,21300000.0
Sep25_c98ba718,precio,33500000.0,1,0,-6700000.0,21300000.0
Sep25_2eee2e11,precio,31510999.0,1,0,-6700000.0,21300000.0
Sep25_f95b5490,precio,45000000.0,1,1,-6700000.0,21300000.0
Sep25_a7374369,precio,30575999.0,1,0,-6700000.0,21300000.0
Sep25_8db4117a,precio,45000000.0,1,1,-6700000.0,21300000.0
Sep25_7fb8629b,precio,39500000.0,1,1,-6700000.0,21300000.0
Sep25_f609cdd6,precio,29900000.0,1,0,-6700000.0,21300000.0
Sep25_681962f2,precio,23880000.0,1,0,-6700000.0,21300000.0
Sep25_f0944ce4,precio,30000000.0,1,0,-6700000.0,21300000.0
Sep25_9370e058,precio,45000000.0,1,1,-6700000.0,21300000.0
Sep25_46259ce2,precio,28000000.0,1,0,-6700000.0,21300000.0
Sep25_ade1fe33,precio,31052236.0,1,0,-6700000.0,21300000.0
Sep25_3efdf2dc,precio,24081925.0,1,0,-6700000.0,21300000.0
Sep25_23741979,precio,27900000.0,1,0,-6700000.0,21300000.0
Sep25_8ef172f3,precio,25423223.0,1,0,-6700000.0,21300000.0
Sep25_bc00035c,precio,35233200.0,1,0,-6700000.0,21300000.0
Sep25_446f0908,precio,45278737.0,1,1,-6700000.0,21300000.0
Sep25_8953c22b,precio,24376799.0,1,0,-6700000.0,21300000.0
Sep25_dbe93c73,precio,37898800.0,1,0,-6700000.0,21300000.0
Sep25_a89a6a2f,precio,63290896.0,1,1,-6700000.0,21300000.0
Sep25_dd479259,precio,35684922.0,1,0,-6700000.0,21300000.0
Sep25_395c743f,precio,28419968.0,1,0,-6700000.0,21300000.0
Sep25_e6efe782,precio,39821685.0,1,1,-6700000.0,21300000.0
Sep25_864e5361,precio,26386522.0,1,0,-6700000.0,21300000.0
Sep25_fae989ec,precio,22603429.0,1,0,-6700000.0,21300000.0
Sep25_9acfb7c8,precio,40000000.0,1,1,-6700000.0,21300000.0
Sep25_336d2dc0,precio,30820720.0,1,0,-6700000.0,21300000.0
Sep25_dbf0e579,precio,28896140.0,1,0,-6700000.0,21300000.0
Sep25_3ec0b33b,precio,23930000.0,1,0,-6700000.0,21300000.0
Sep25_0301df21,precio,25482380.0,1,0,-6700000.0,21300000.0
Sep25_7527cd66,precio,25000000.0,1,0,-6700000.0,21300000.0
Sep25_4b35f087,precio,34697593.0,1,0,-6700000.0,21300000.0
Sep25_d80cb354,precio,34852800.0,1,0,-6700000.0,21300000.0
Sep25_9ee11e2b,precio,44652206.0,1,1,-6700000.0,21300000.0
Sep25_73c61964,precio,30349990.0,1,0,-6700000.0,21300000.0
Sep25_1f011b94,precio,23974328.0,1,0,-6700000.0,21300000.0
Sep25_423009ea,precio,40230785.0,1,1,-6700000.0,21300000.0
Sep25_a9bafdd2,precio,40758512.0,1,1,-6700000.0,21300000.0
Sep25_41fae654,precio,30917110.0,1,0,-6700000.0,21300000.0
Sep25_734a3d87,precio,29916882.0,1,0,-6700000.0,21300000.0
Sep25_c0553aa6,precio,23606810.0,1,0,-6700000.0,21300000.0
Sep25_a907e00f,precio,25118256.0,1,0,-6700000.0,21300000.0
Sep25_620a5860,precio,25679960.0,1,0,-6700000.0,21300000.0
Sep25_703d27d3,precio,36700000.0,1,0,-6700000.0,21300000.0
Sep25_44e262b5,precio,26266800.0,1,0,-6700000.0,21300000.0
Sep25_56588fb4,precio,39997734.0,1,1,-6700000.0,21300000.0
Sep25_f2fdd109,precio,21553072.0,1,0,-6700000.0,21300000.0
Sep25_b4b4ba0f,precio,25750320.0,1,0,-6700000.0,21300000.0
Sep25_1bd8e46f,precio,25638275.0,1,0,-6700000.0,21300000.0
Sep25_fa9e7c87,precio,32828708.0,1,0,-6700000.0,21300000.0
Sep25_ea4a8292,precio,26199625.0,1,0,-6700000.0,21300000.0
Sep25_464c4a00,precio,27418775.0,1,0,-6700000.0,21300000.0
Sep25_3102a06b,precio,23900000.0,1,0,-6700000.0,21300000.0
Sep25_40d2e5a3,precio,39800000.0,1,1,-6700000.0,21300000.0
Sep25_7146a54d,precio,33800000.0,1,0,-6700000.0,21300000.0
Sep25_d3c8cab6,precio,25420935.0,1,0,-6700000.0,21300000.0
Sep25_8b186db3,precio,68000000.0,1,1,-6700000.0,21300000.0
Sep25_22214282,precio,37205200.0,1,0,-6700000.0,21300000.0
Sep25_417e0cfc,precio,27397206.0,1,0,-6700000.0,21300000.0
Sep25_4819974d,precio,31000930.0,1,0,-6700000.0,21300000.0
Sep25_0a71400a,precio,39900000.0,1,1,-6700000.0,21300000.0
Sep25_daf08e5d,precio,21700000.0,1,0,-6700000.0,21300000.0
Sep25_db747bac,precio,25720332.0,1,0,-6700000.0,21300000.0
Sep25_f42bd98b,precio,24000000.0,1,0,-6700000.0,21300000.0
Sep25_399ea1a2,precio,60000000.0,1,1,-6700000.0,21300000.0
Sep25_a73e03de,precio,62908880.0,1,1,-6700000.0,21300000.0
Sep25_163a7b4d,precio,52248060.0,1,1,-6700000.0,21300000.0
Sep25_d76ad33e,precio,37734231.0,1,0,-6700000.0,21300000.0
Sep25_99abe78b,precio,31240000.0,1,0,-6700000.0,21300000.0
Sep25_3b40c056,precio,28000000.0,1,0,-6700000.0,21300000.0
Sep25_eb9fddc9,precio,24675348.0,1,0,-6700000.0,21300000.0
Sep25_22f2b936,precio,30668600.0,1,0,-6700000.0,21300000.0
Sep25_cc0639e0,precio,40080178.0,1,1,-6700000.0,21300000.0
Sep25_a062fd40,precio,27731900.0,1,0,-6700000.0,21300000.0
Sep25_9452acef,precio,24636417.0,1,0,-6700000.0,21300000.0
Sep25_21e3fd53,precio,31664795.0,1,0,-6700000.0,21300000.0
Sep25_71881657,precio,32204876.0,1,0,-6700000.0,21300000.0
Sep25_86cc3e04,precio,30920940.0,1,0,-6700000.0,21300000.0
Sep25_b2dd84c9,precio,23950000.0,1,0,-6700000.0,21300000.0
Sep25_2abc9984,precio,26084937.0,1,0,-6700000.0,21300000.0
Sep25_a036af5b,precio,33372000.0,1,0,-6700000.0,21300000.0
Sep25_8d9a63e8,precio,32870853.0,1,0,-6700000.0,21300000.0
Sep25_5bff2751,precio,25111740.0,1,0,-6700000.0,21300000.0
Sep25_f541c94d,precio,39340000.0,1,1,-6700000.0,21300000.0
Sep25_93c76c90,precio,38315680.0,1,0,-6700000.0,21300000.0
Sep25_abc6938f,precio,29500000.0,1,0,-6700000.0,21300000.0
Sep25_bf24e3c8,precio,36900000.0,1,0,-6700000.0,21300000.0
Sep25_253b0022,precio,26569045.0,1,0,-6700000.0,21300000.0
Sep25_5c7c3d35,precio,30042850.0,1,0,-6700000.0,21300000.0
Sep25_f384cd4c,precio,36000000.0,1,0,-6700000.0,21300000.0
Sep25_7e2830d8,precio,52295585.0,1,1,-6700000.0,21300000.0
Sep25_95b70ae9,precio,42339475.0,1,1,-6700000.0,21300000.0
Sep25_2e1a0f43,precio,45000000.0,1,1,-6700000.0,21300000.0
Sep25_4261b165,precio,23850000.0,1,0,-6700000.0,21300000.0
Sep25_99828ad0,precio,32000000.0,1,0,-6700000.0,21300000.0
Sep25_dbb57aa5,precio,23450000.0,1,0,-6700000.0,21300000.0
Sep25_71160aac,precio,23990000.0,1,0,-6700000.0,21300000.0
Sep25_e1c314f4,precio,33000000.0,1,0,-6700000.0,21300000.0
Sep25_7952c543,precio,26273581.0,1,0,-6700000.0,21300000.0
Sep25_1d51bc40,precio,32035984.0,1,0,-6700000.0,21300000.0
Sep25_200416b5,precio,31990000.0,1,0,-6700000.0,21300000.0
Sep25_bb359139,precio,45000000.0,1,1,-6700000.0,21300000.0
Sep25_d6ba52ac,precio,23574345.0,1,0,-6700000.0,21300000.0
Sep25_c84309d6,precio,23249592.0,1,0,-6700000.0,21300000.0
Sep25_f2e576b8,precio,27181890.0,1,0,-6700000.0,21300000.0
Sep25_5e4f1caa,precio,37400000.0,1,0,-6700000.0,21300000.0
Sep25_655437bf,precio,47666998.0,1,1,-6700000.0,21300000.0
Sep25_7c44da23,precio,35234721.0,1,0,-6700000.0,21300000.0
Sep25_34befd32,precio,28891200.0,1,0,-6700000.0,21300000.0
Sep25_50ba6241,precio,39000000.0,1,1,-6700000.0,21300000.0
Sep25_3c426306,precio,47473579.0,1,1,-6700000.0,21300000.0
Sep25_7adae1ef,precio,22351798.0,1,0,-6700000.0,21300000.0
Sep25_10e43beb,precio,23900000.0,1,0,-6700000.0,21300000.0
Sep25_0d4897f6,precio,32445952.0,1,0,-6700000.0,21300000.0
Sep25_5ef4385c,precio,69376228.0,1,1,-6700000.0,21300000.0
Sep25_f5d9bc33,precio,25666439.0,1,0,-6700000.0,21300000.0
Sep25_98a217ec,precio,28418630.0,1,0,-6700000.0,21300000.0
Sep25_973aa1d9,precio,52620535.0,1,1,-6700000.0,21300000.0
Sep25_f27095f2,precio,24872366.0,1,0,-6700000.0,21300000.0
Sep25_44f607ec,precio,30800000.0,1,0,-6700000.0,21300000.0
Sep25_f7ece7f6,precio,38622400.0,1,0,-6700000.0,21300000.0
Sep25_38fc7c16,precio,52650515.0,1,1,-6700000.0,21300000.0
Sep25_3a98a734,precio,22150283.0,1,0,-6700000.0,21300000.0
Sep25_c19195bd,precio,43039507.0,1,1,-6700000.0,21300000.0
Sep25_8a4091c5,precio,37219095.0,1,0,-6700000.0,21300000.0
Sep25_dea8845c,precio,29990000.0,1,0,-6700000.0,21300000.0
Sep25_f27ffd64,precio,62853072.0,1,1,-6700000.0,21300000.0
Sep25_3f5e7b5e,precio,22000000.0,1,0,-6700000.0,21300000.0
Sep25_2fe1875c,precio,25999000.0,1,0,-6700000.0,21300000.0
Sep25_32226f00,precio,27243945.0,1,0,-6700000.0,21300000.0
Sep25_24e5a79c,precio,35000000.0,1,0,-6700000.0,21300000.0
Sep25_35366b77,precio,27558100.0,1,0,-6700000.0,21300000.0
Sep25_a9027696,precio,26500000.0,1,0,-6700000.0,21300000.0
Sep25_b7399e14,precio,22846119.0,1,0,-6700000.0,21300000.0
Sep25_f578cbd7,precio,65550000.0,1,1,-6700000.0,21300000.0
Sep25_582f282b,precio,44312005.0,1,1,-6700000.0,21300000.0
Sep25_96d40672,precio,39500000.0,1,1,-6700000.0,21300000.0
Sep25_30f9e21e,precio,39500000.0,1,1,-6700000.0,21300000.0
Sep25_05ff7c95,precio,23236016.0,1,0,-6700000.0,21300000.0
Sep25_b4aed414,precio,40696278.0,1,1,-6700000.0,21300000.0
Sep25_e7bc0e4f,precio,23953448.0,1,0,-6700000.0,21300000.0
Sep25_2fa69bc4,precio,21962886.0,1,0,-6700000.0,21300000.0
Sep25_d3fd684e,precio,39963600.0,1,1,-6700000.0,21300000.0
Sep25_172ea4fe,precio,22800000.0,1,0,-6700000.0,21300000.0
Sep25_6ff9747f,precio,21919400.0,1,0,-6700000.0,21300000.0
Sep25_63240ad6,precio,41418000.0,1,1,-6700000.0,21300000.0
Sep25_fc3ebedf,precio,31499000.0,1,0,-6700000.0,21300000.0
Sep25_39e3b2a3,precio,21500000.0,1,0,-6700000.0,21300000.0
Sep25_47f1360f,precio,28406540.0,1,0,-6700000.0,21300000.0
Sep25_535b41f8,precio,35799568.0,1,0,-6700000.0,21300000.0
Sep25_7753d55d,precio,41988203.0,1,1,-6700000.0,21300000.0
Sep25_65f7d7a0,precio,40000000.0,1,1,-6700000.0,21300000.0
Sep25_89a64a5e,precio,58000000.0,1,1,-6700000.0,21300000.0
Sep25_c57f1398,precio,28900000.0,1,0,-6700000.0,21300000.0
Sep25_d7b460ae,precio,29500000.0,1,0,-6700000.0,21300000.0
Sep25_751cd960,precio,22239999.0,1,0,-6700000.0,21300000.0
Sep25_3ab17d50,precio,29029999.0,1,0,-6700000.0,21300000.0
Sep25_e4290a75,precio,26500000.0,1,0,-6700000.0,21300000.0
Sep25_8accbb41,precio,33250999.0,1,0,-6700000.0,21300000.0
Sep25_861f9811,precio,24700000.0,1,0,-6700000.0,21300000.0
Sep25_d1b1e632,precio,23990000.0,1,0,-6700000.0,21300000.0
Sep25_44c5b25d,precio,32000000.0,1,0,-6700000.0,21300000.0
Sep25_6326a8e9,precio,57000000.0,1,1,-6700000.0,21300000.0
Sep25_1e74b350,precio,26904999.0,1,0,-6700000.0,21300000.0
Sep25_18c1b367,precio,29000000.0,1,0,-6700000.0,21300000.0
Sep25_d9a9ed66,precio,29000000.0,1,0,-6700000.0,21300000.0
Sep25_088fd4ca,precio,56450000.0,1,1,-6700000.0,21300000.0
Sep25_0c8b5cc5,precio,39500000.0,1,1,-6700000.0,21300000.0
Sep25_a66d0bec,precio,27950000.0,1,0,-6700000.0,21300000.0
Sep25_caa509c1,precio,23900000.0,1,0,-6700000.0,21300000.0
Sep25_fdc515e9,precio,49880000.0,1,1,-6700000.0,21300000.0
Sep25_bef0ae88,precio,24304999.0,1,0,-6700000.0,21300000.0
Sep25_6d433059,precio,22500000.0,1,0,-6700000.0,21300000.0
Sep25_41b36442,precio,59000000.0,1,1,-6700000.0,21300000.0
Sep25_77274062,precio,39800000.0,1,1,-6700000.0,21300000.0
Sep25_b2cc179b,precio,39950000.0,1,1,-6700000.0,21300000.0
Sep25_6faba590,precio,31300000.0,1,0,-6700000.0,21300000.0
Sep25_475e2c89,precio,35000000.0,1,0,-6700000.0,21300000.0
Sep25_bfdf179c,precio,45000000.0,1,1,-6700000.0,21300000.0
Sep25_21ace4b2,precio,27000000.0,1,0,-6700000.0,21300000.0
Sep25_26a879ce,precio,30000000.0,1,0,-6700000.0,21300000.0
Sep25_e21c468c,precio,29900999.0,1,0,-6700000.0,21300000.0
Sep25_06ca89e0,precio,21655000.0,1,0,-6700000.0,21300000.0
Sep25_23fb1117,precio,33000000.0,1,0,-6700000.0,21300000.0
Sep25_1b1d27bb,precio,22000000.0,1,0,-6700000.0,21300000.0
Sep25_f2c6e521,precio,42250999.0,1,1,-6700000.0,21300000.0
Sep25_cd77a036,precio,24000000.0,1,0,-6700000.0,21300000.0
Sep25_50dc721a,precio,23700999.0,1,0,-6700000.0,21300000.0
Sep25_36787b60,precio,28792999.0,1,0,-6700000.0,21300000.0
Sep25_1cd876fc,precio,37500000.0,1,0,-6700000.0,21300000.0
Sep25_0441c067,precio,29900000.0,1,0,-6700000.0,21300000.0
Sep25_2e6bf1c4,precio,27500000.0,1,0,-6700000.0,21300000.0
Sep25_c883e855,precio,32000000.0,1,0,-6700000.0,21300000.0
Sep25_87c68aa7,precio,36900000.0,1,0,-6700000.0,21300000.0
Sep25_2e6db29e,precio,59000000.0,1,1,-6700000.0,21300000.0
Sep25_9793331c,precio,24800000.0,1,0,-6700000.0,21300000.0
Sep25_9c88226f,precio,40500000.0,1,1,-6700000.0,21300000.0
Sep25_de742f9e,precio,39950000.0,1,1,-6700000.0,21300000.0
Sep25_40135480,precio,23290999.0,1,0,-6700000.0,21300000.0
Sep25_b790480b,precio,39000000.0,1,1,-6700000.0,21300000.0
Sep25_4258438b,precio,44000000.0,1,1,-6700000.0,21300000.0
Sep25_54cb27e1,precio,32000000.0,1,0,-6700000.0,21300000.0
Sep25_0196ac3a,precio,24000000.0,1,0,-6700000.0,21300000.0
Sep25_f5745fd3,precio,37000000.0,1,0,-6700000.0,21300000.0
Sep25_b007b656,precio,25500000.0,1,0,-6700000.0,21300000.0
Sep25_7ecb566c,precio,26980000.0,1,0,-6700000.0,21300000.0
Sep25_0c8b5cc5,precio,39500000.0,1,1,-6700000.0,21300000.0
Sep25_8579eabc,precio,25790000.0,1,0,-6700000.0,21300000.0
Sep25_6d63adfe,precio,70000000.0,1,1,-6700000.0,21300000.0
Sep25_9857b9bd,precio,39990000.0,1,1,-6700000.0,21300000.0
Sep25_72ea7388,precio,41200999.0,1,1,-6700000.0,21300000.0
Sep25_f4866c58,precio,31500000.0,1,0,-6700000.0,21300000.0
Sep25_c3a37ab0,precio,27900000.0,1,0,-6700000.0,21300000.0
Sep25_b225119f,precio,54800000.0,1,1,-6700000.0,21300000.0
Sep25_9712d842,precio,35200000.0,1,0,-6700000.0,21300000.0
Sep25_ba444486,precio,38000000.0,1,0,-6700000.0,21300000.0
Sep25_2cc510fc,precio,60000000.0,1,1,-6700000.0,21300000.0
Sep25_e8c04b4e,precio,46900000.0,1,1,-6700000.0,21300000.0
Sep25_c820a215,precio,24990000.0,1,0,-6700000.0,21300000.0
Sep25_09984891,precio,27000000.0,1,0,-6700000.0,21300000.0
Sep25_7b17d86f,precio,27000000.0,1,0,-6700000.0,21300000.0
Sep25_43d57b62,precio,65000000.0,1,1,-6700000.0,21300000.0
Sep25_63098532,precio,34900000.0,1,0,-6700000.0,21300000.0
Sep25_c9296d8e,precio,49000000.0,1,1,-6700000.0,21300000.0
Sep25_62982ee0,precio,40000000.0,1,1,-6700000.0,21300000.0
Sep25_e66533fc,precio,23450000.0,1,0,-6700000.0,21300000.0
Sep25_c0eb227b,precio,23313999.0,1,0,-6700000.0,21300000.0
Sep25_01f7b165,precio,30000000.0,1,0,-6700000.0,21300000.0
Sep25_0758ba90,precio,39400000.0,1,1,-6700000.0,21300000.0
Sep25_0ce3c9a9,precio,28000000.0,1,0,-6700000.0,21300000.0
Sep25_e4f57304,precio,37500000.0,1,0,-6700000.0,21300000.0
Sep25_208c4257,precio,34000000.0,1,0,-6700000.0,21300000.0
Sep25_07e59882,precio,38000000.0,1,0,-6700000.0,21300000.0
Sep25_38014cbf,precio,32500999.0,1,0,-6700000.0,21300000.0
Sep25_66445eb4,precio,42990000.0,1,1,-6700000.0,21300000.0
Sep25_9ac72c27,precio,34500000.0,1,0,-6700000.0,21300000.0
Sep25_5064df02,precio,50000000.0,1,1,-6700000.0,21300000.0
Sep25_9bd82f7a,precio,26500000.0,1,0,-6700000.0,21300000.0
Sep25_38dbe5d5,precio,27895000.0,1,0,-6700000.0,21300000.0
Sep25_23e0f05a,precio,25000000.0,1,0,-6700000.0,21300000.0
Sep25_26774284,precio,21450000.0,1,0,-6700000.0,21300000.0
Sep25_bbd930f1,precio,55000000.0,1,1,-6700000.0,21300000.0
Sep25_963ad328,precio,32120999.0,1,0,-6700000.0,21300000.0
Sep25_7efec98a,precio,60000000.0,1,1,-6700000.0,21300000.0
Sep25_037739ad,precio,27145999.0,1,0,-6700000.0,21300000.0
Sep25_739044b6,precio,24500000.0,1,0,-6700000.0,21300000.0
Sep25_2328bccd,precio,24900000.0,1,0,-6700000.0,21300000.0
Sep25_b6d3c855,precio,31850000.0,1,0,-6700000.0,21300000.0
Sep25_056260ba,precio,24000000.0,1,0,-6700000.0,21300000.0
Sep25_906a6660,precio,25913999.0,1,0,-6700000.0,21300000.0
Sep25_6f44c8fe,precio,36000000.0,1,0,-6700000.0,21300000.0
Sep25_7c98e397,precio,32000000.0,1,0,-6700000.0,21300000.0
Sep25_68863d4a,precio,22000000.0,1,0,-6700000.0,21300000.0
Sep25_84e87040,precio,39500000.0,1,1,-6700000.0,21300000.0
Sep25_e7fe871d,precio,27400999.0,1,0,-6700000.0,21300000.0
Sep25_795ecebe,precio,22500000.0,1,0,-6700000.0,21300000.0
Sep25_8914e6e9,precio,45000000.0,1,1,-6700000.0,21300000.0
Sep25_02eeae57,precio,22000000.0,1,0,-6700000.0,21300000.0
Sep25_f7e4253c,precio,22150000.0,1,0,-6700000.0,21300000.0
Sep25_ffbe87d1,precio,34000000.0,1,0,-6700000.0,21300000.0
Sep25_a4c0b3aa,precio,25100000.0,1,0,-6700000.0,21300000.0
Sep25_4d02b938,precio,21750000.0,1,0,-6700000.0,21300000.0
Sep25_7ce2695a,precio,72000000.0,1,1,-6700000.0,21300000.0
Sep25_8a03c4ce,precio,36900000.0,1,0,-6700000.0,21300000.0
Sep25_ae5ef12d,precio,30000000.0,1,0,-6700000.0,21300000.0
Sep25_b77f2408,precio,23900000.0,1,0,-6700000.0,21300000.0
Sep25_7d5b123d,precio,45400000.0,1,1,-6700000.0,21300000.0
Sep25_3668fd89,precio,56009999.0,1,1,-6700000.0,21300000.0
Sep25_0c8b5cc5,precio,39500000.0,1,1,-6700000.0,21300000.0
Sep25_3ebce08d,precio,75000000.0,1,1,-6700000.0,21300000.0
Sep25_60f608a4,precio,26000000.0,1,0,-6700000.0,21300000.0
Sep25_ea1c5bc2,precio,23800000.0,1,0,-6700000.0,21300000.0
Sep25_1d45bd33,precio,69900000.0,1,1,-6700000.0,21300000.0
Sep25_0817c4ed,precio,27750999.0,1,0,-6700000.0,21300000.0
Sep25_1fcec703,precio,57290000.0,1,1,-6700000.0,21300000.0
Sep25_72328c90,precio,24800000.0,1,0,-6700000.0,21300000.0
Sep25_2180c888,precio,36900000.0,1,0,-6700000.0,21300000.0
Sep25_3789e188,precio,44950000.0,1,1,-6700000.0,21300000.0
Sep25_80679a65,precio,57000000.0,1,1,-6700000.0,21300000.0
Sep25_8ad5cc2b,precio,59990000.0,1,1,-6700000.0,21300000.0
Sep25_8e47eb1b,precio,59000000.0,1,1,-6700000.0,21300000.0
Sep25_b2e7a03a,precio,35900000.0,1,0,-6700000.0,21300000.0
Sep25_607ff9df,precio,28000000.0,1,0,-6700000.0,21300000.0
Sep25_19d10e35,precio,23300000.0,1,0,-6700000.0,21300000.0
Sep25_18d675ac,precio,21490000.0,1,0,-6700000.0,21300000.0
Sep25_d4825d10,precio,59000000.0,1,1,-6700000.0,21300000.0
Sep25_e138036e,precio,40000000.0,1,1,-6700000.0,21300000.0
Sep25_c0774c68,precio,76000000.0,1,1,-6700000.0,21300000.0
Sep25_406aa27f,precio,33000000.0,1,0,-6700000.0,21300000.0
Sep25_afbfdef9,precio,59000000.0,1,1,-6700000.0,21300000.0
Sep25_c1cfa7c6,precio,39900000.0,1,1,-6700000.0,21300000.0
Sep25_bb87f7bd,precio,41700000.0,1,1,-6700000.0,21300000.0
Sep25_06baafe4,precio,22000000.0,1,0,-6700000.0,21300000.0
Sep25_82f66161,precio,38000000.0,1,0,-6700000.0,21300000.0
Sep25_eb8d724f,precio,55000000.0,1,1,-6700000.0,21300000.0
Sep25_dc777b5a,precio,44000000.0,1,1,-6700000.0,21300000.0
Sep25_897dfb19,precio,59000000.0,1,1,-6700000.0,21300000.0
Sep25_40ee12e5,precio,24000000.0,1,0,-6700000.0,21300000.0
Sep25_22262e7d,precio,23000000.0,1,0,-6700000.0,21300000.0
Sep25_38de9372,precio,23000000.0,1,0,-6700000.0,21300000.0
Sep25_52f003b9,precio,31780000.0,1,0,-6700000.0,21300000.0
Sep25_0df2ca4f,precio,37282700.0,1,0,-6700000.0,21300000.0
Sep25_91bfabad,precio,38918000.0,1,1,-6700000.0,21300000.0
Sep25_70ff3a50,precio,26359200.0,1,0,-6700000.0,21300000.0
Sep25_25686e12,precio,28250844.0,1,0,-6700000.0,21300000.0
Sep25_35211301,precio,28719156.0,1,0,-6700000.0,21300000.0
Sep25_8f70ec6c,precio,45294753.0,1,1,-6700000.0,21300000.0
Sep25_bebe2ea8,precio,33837600.0,1,0,-6700000.0,21300000.0
Sep25_9474321e,precio,21716888.0,1,0,-6700000.0,21300000.0
Sep25_dd4754cc,precio,79000000.0,1,1,-6700000.0,21300000.0
Sep25_7c98e397,precio,32000000.0,1,0,-6700000.0,21300000.0
Sep25_b857b9ae,precio,31000000.0,1,0,-6700000.0,21300000.0
Sep25_cd72a2fd,precio,21950000.0,1,0,-6700000.0,21300000.0
Sep25_6c5405f2,precio,38000000.0,1,0,-6700000.0,21300000.0
Sep25_dd789b5f,precio,22200000.0,1,0,-6700000.0,21300000.0
Sep25_7972a6e1,precio,28000000.0,1,0,-6700000.0,21300000.0
Sep25_d7c683c0,precio,39500000.0,1,1,-6700000.0,21300000.0
Sep25_236b7c0d,precio,60000000.0,1,1,-6700000.0,21300000.0
Sep25_c90fc911,precio,29122999.0,1,0,-6700000.0,21300000.0
Sep25_a4fcf8ed,precio,46150999.0,1,1,-6700000.0,21300000.0
Sep25_823e1c57,precio,43900000.0,1,1,-6700000.0,21300000.0
Sep25_7c98e397,precio,32000000.0,1,0,-6700000.0,21300000.0
Sep25_26f2ac49,precio,22000000.0,1,0,-6700000.0,21300000.0
Sep25_c86d493b,precio,24750000.0,1,0,-6700000.0,21300000.0
Sep25_38014cbf,precio,32500999.0,1,0,-6700000.0,21300000.0
Sep25_e0324e52,precio,30000000.0,1,0,-6700000.0,21300000.0
Sep25_966f4892,precio,29900999.0,1,0,-6700000.0,21300000.0
Sep25_729fd0a3,precio,44800000.0,1,1,-6700000.0,21300000.0
Sep25_31b37907,precio,41500000.0,1,1,-6700000.0,21300000.0
Sep25_892b4100,precio,22354999.0,1,0,-6700000.0,21300000.0
Sep25_13357eb5,precio,35000000.0,1,0,-6700000.0,21300000.0
Sep25_0d937fa5,precio,28597999.0,1,0,-6700000.0,21300000.0
Sep25_e15c9c16,precio,39800000.0,1,1,-6700000.0,21300000.0
Sep25_a752e514,precio,22450000.0,1,0,-6700000.0,21300000.0
Sep25_9171e20d,precio,50900999.0,1,1,-6700000.0,21300000.0
Sep25_375c388e,precio,32058999.0,1,0,-6700000.0,21300000.0
Sep25_f3559d9f,precio,43000000.0,1,1,-6700000.0,21300000.0
Sep25_c6f74177,precio,29900000.0,1,0,-6700000.0,21300000.0
Sep25_dc5ac873,precio,23500000.0,1,0,-6700000.0,21300000.0
Sep25_6d8079d1,precio,23500000.0,1,0,-6700000.0,21300000.0
Sep25_8821955d,precio,23950000.0,1,0,-6700000.0,21300000.0
Sep25_5657c77d,precio,48250999.0,1,1,-6700000.0,21300000.0
Sep25_27b335ce,precio,41500000.0,1,1,-6700000.0,21300000.0
Sep25_c691d7d6,precio,35900000.0,1,0,-6700000.0,21300000.0
Sep25_119bf6ec,precio,55000000.0,1,1,-6700000.0,21300000.0
Sep25_5a85093a,precio,45000000.0,1,1,-6700000.0,21300000.0
Sep25_119bf6ec,precio,55000000.0,1,1,-6700000.0,21300000.0
Sep25_ce88a17b,precio,34400000.0,1,0,-6700000.0,21300000.0
Sep25_e0a88254,precio,35000000.0,1,0,-6700000.0,21300000.0
Sep25_64dd8ce5,precio,34681999.0,1,0,-6700000.0,21300000.0
Sep25_3c7a614f,precio,26000000.0,1,0,-6700000.0,21300000.0
Sep25_a866647d,precio,30000000.0,1,0,-6700000.0,21300000.0
Sep25_886b75f0,precio,23990000.0,1,0,-6700000.0,21300000.0
Sep25_ebce9883,precio,49500000.0,1,1,-6700000.0,21300000.0
Sep25_d62f0419,precio,29000000.0,1,0,-6700000.0,21300000.0
Sep25_1a21c710,precio,34999000.0,1,0,-6700000.0,21300000.0
Sep25_52d1449d,precio,24900000.0,1,0,-6700000.0,21300000.0
Sep25_ef7b7d0b,precio,33000000.0,1,0,-6700000.0,21300000.0
Sep25_3b135edd,precio,37500000.0,1,0,-6700000.0,21300000.0
Sep25_9de0f89e,precio,39900000.0,1,1,-6700000.0,21300000.0
Sep25_512a3f75,precio,21900000.0,1,0,-6700000.0,21300000.0
Sep25_8e04fc89,precio,60000000.0,1,1,-6700000.0,21300000.0
Sep25_88899f40,precio,22000000.0,1,0,-6700000.0,21300000.0
Sep25_f6bfe4f3,precio,25000000.0,1,0,-6700000.0,21300000.0
Sep25_f7814afd,precio,28000000.0,1,0,-6700000.0,21300000.0
Sep25_68547a2b,precio,47000000.0,1,1,-6700000.0,21300000.0
Sep25_4a5721cb,precio,30450000.0,1,0,-6700000.0,21300000.0
Sep25_60fa2519,precio,52500000.0,1,1,-6700000.0,21300000.0
Sep25_b5a01ba3,precio,24800000.0,1,0,-6700000.0,21300000.0
Sep25_cef9ce8e,precio,29900000.0,1,0,-6700000.0,21300000.0
Sep25_4d133b4a,precio,49700000.0,1,1,-6700000.0,21300000.0
Sep25_df3c5340,precio,24700000.0,1,0,-6700000.0,21300000.0
Sep25_a87c9597,precio,72000000.0,1,1,-6700000.0,21300000.0
Sep25_9cef469b,precio,24990000.0,1,0,-6700000.0,21300000.0
Sep25_b5378131,precio,28928000.0,1,0,-6700000.0,21300000.0
Sep25_e071b540,precio,29000000.0,1,0,-6700000.0,21300000.0
Sep25_adc80897,precio,23530000.0,1,0,-6700000.0,21300000.0
Sep25_f2624217,precio,26500000.0,1,0,-6700000.0,21300000.0
Sep25_59e0280e,precio,22220000.0,1,0,-6700000.0,21300000.0
Sep25_18dbb141,precio,35000000.0,1,0,-6700000.0,21300000.0
Sep25_8a3991b1,precio,22000000.0,1,0,-6700000.0,21300000.0
Sep25_bb3e2dd1,precio,23000000.0,1,0,-6700000.0,21300000.0
Sep25_28fdd303,precio,24000000.0,1,0,-6700000.0,21300000.0
Sep25_f3b6b37d,precio,25000000.0,1,0,-6700000.0,21300000.0
Sep25_c17c6e2e,precio,22000000.0,1,0,-6700000.0,21300000.0
Sep25_c2f74c5a,precio,24500000.0,1,0,-6700000.0,21300000.0
Sep25_213aa343,precio,22000000.0,1,0,-6700000.0,21300000.0
Sep25_90f04b6b,precio,26900000.0,1,0,-6700000.0,21300000.0
Sep25_73bf96b3,precio,23280000.0,1,0,-6700000.0,21300000.0
Sep25_66955bd4,precio,26500000.0,1,0,-6700000.0,21300000.0
Sep25_2e7ba671,precio,28900000.0,1,0,-6700000.0,21300000.0
Sep25_6087ac63,precio,21800000.0,1,0,-6700000.0,21300000.0
Sep25_fba3b17b,precio,25000000.0,1,0,-6700000.0,21300000.0
Sep25_78c1b8e4,precio,22500000.0,1,0,-6700000.0,21300000.0
Sep25_ed556ec9,precio,28500000.0,1,0,-6700000.0,21300000.0
Sep25_59ecf2cf,precio,23728000.0,1,0,-6700000.0,21300000.0
Sep25_184136e8,precio,35330000.0,1,0,-6700000.0,21300000.0
Sep25_159dc245,precio,29990000.0,1,0,-6700000.0,21300000.0
Sep25_d4776d00,precio,23000000.0,1,0,-6700000.0,21300000.0
Sep25_2ea196d2,precio,23000000.0,1,0,-6700000.0,21300000.0
Sep25_a09e4710,precio,23500000.0,1,0,-6700000.0,21300000.0
Sep25_f65df462,precio,22900000.0,1,0,-6700000.0,21300000.0
Sep25_4c0fb29f,precio,23000000.0,1,0,-6700000.0,21300000.0
Sep25_dec99eff,precio,22320000.0,1,0,-6700000.0,21300000.0
Sep25_8b9bf443,precio,28000000.0,1,0,-6700000.0,21300000.0
Sep25_cb69d761,precio,25500000.0,1,0,-6700000.0,21300000.0
Sep25_5bbff745,precio,21850000.0,1,0,-6700000.0,21300000.0
Sep25_e53a55bc,precio,30000000.0,1,0,-6700000.0,21300000.0
Sep25_09e10d0f,precio,26500000.0,1,0,-6700000.0,21300000.0
Sep25_38868783,precio,37000000.0,1,0,-6700000.0,21300000.0
Sep25_7b528844,precio,23790000.0,1,0,-6700000.0,21300000.0
Sep25_88769c64,precio,22000000.0,1,0,-6700000.0,21300000.0
Sep25_68cdef52,precio,27000000.0,1,0,-6700000.0,21300000.0
Sep25_512325b1,precio,30000000.0,1,0,-6700000.0,21300000.0
Sep25_439e78ac,precio,38300500.0,1,0,-6700000.0,21300000.0
Sep25_70055d45,precio,38900000.0,1,1,-6700000.0,21300000.0
Sep25_32cd985b,precio,28900000.0,1,0,-6700000.0,21300000.0
Sep25_6a2c5b57,precio,25500000.0,1,0,-6700000.0,21300000.0
Sep25_6fa9adce,precio,34000000.0,1,0,-6700000.0,21300000.0
Sep25_a8d20e96,precio,30791400.0,1,0,-6700000.0,21300000.0
Sep25_51b76b22,precio,21500000.0,1,0,-6700000.0,21300000.0
Sep25_6848795d,precio,28725000.0,1,0,-6700000.0,21300000.0
Sep25_c9877d42,precio,22000000.0,1,0,-6700000.0,21300000.0
Sep25_40ba950a,precio,26900000.0,1,0,-6700000.0,21300000.0
Sep25_834e3157,precio,24000000.0,1,0,-6700000.0,21300000.0
Sep25_c36f1560,precio,24440000.0,1,0,-6700000.0,21300000.0
Sep25_5ea7c3e8,precio,36231000.0,1,0,-6700000.0,21300000.0
Sep25_43e10a33,precio,25500000.0,1,0,-6700000.0,21300000.0
Sep25_d52b7351,precio,22500000.0,1,0,-6700000.0,21300000.0
Sep25_3937b811,precio,25000000.0,1,0,-6700000.0,21300000.0
Sep25_d1dc330e,precio,23700000.0,1,0,-6700000.0,21300000.0
Sep25_d15a5fe6,precio,48000000.0,1,1,-6700000.0,21300000.0
Sep25_5f9d6a79,precio,37500000.0,1,0,-6700000.0,21300000.0
Sep25_e8fe1bcb,precio,21500000.0,1,0,-6700000.0,21300000.0
Sep25_82123e48,precio,23500000.0,1,0,-6700000.0,21300000.0
Sep25_8865e00b,precio,27850000.0,1,0,-6700000.0,21300000.0
Sep25_3c2a7dea,precio,60000000.0,1,1,-6700000.0,21300000.0
Sep25_71bb5d5e,precio,35000000.0,1,0,-6700000.0,21300000.0
Sep25_063984db,precio,23990000.0,1,0,-6700000.0,21300000.0
Sep25_fca55d3f,precio,28490000.0,1,0,-6700000.0,21300000.0
Sep25_57bf76b0,precio,22900000.0,1,0,-6700000.0,21300000.0
Sep25_a32a2c56,precio,33000000.0,1,0,-6700000.0,21300000.0
Sep25_030d6653,precio,21900000.0,1,0,-6700000.0,21300000.0
Sep25_d3c89b33,precio,22000000.0,1,0,-6700000.0,21300000.0
Sep25_6fab204f,precio,27890000.0,1,0,-6700000.0,21300000.0
Sep25_65570c1e,precio,41000000.0,1,1,-6700000.0,21300000.0
Sep25_9b182104,precio,23580000.0,1,0,-6700000.0,21300000.0
Sep25_7c05d45f,precio,33000000.0,1,0,-6700000.0,21300000.0
Sep25_456698f2,precio,21900000.0,1,0,-6700000.0,21300000.0
Sep25_7eb19ed2,precio,23900000.0,1,0,-6700000.0,21300000.0
Sep25_2054cccd,precio,22000000.0,1,0,-6700000.0,21300000.0
Sep25_5cebccba,precio,67000000.0,1,1,-6700000.0,21300000.0
Sep25_1a5c9c17,precio,37990000.0,1,0,-6700000.0,21300000.0
Sep25_2f4b6231,precio,24990000.0,1,0,-6700000.0,21300000.0
Sep25_f1469a1c,precio,32500000.0,1,0,-6700000.0,21300000.0
Sep25_88af1e0a,precio,21463020.0,1,0,-6700000.0,21300000.0
Sep25_890cd328,precio,30502984.0,1,0,-6700000.0,21300000.0
Sep25_b68de0e1,precio,35000000.0,1,0,-6700000.0,21300000.0
Sep25_da4d2c81,precio,22750000.0,1,0,-6700000.0,21300000.0
Sep25_d34df921,precio,60000000.0,1,1,-6700000.0,21300000.0
Sep25_57f84112,precio,30917110.0,1,0,-6700000.0,21300000.0
Sep25_be9eab2d,precio,32445952.0,1,0,-6700000.0,21300000.0
Sep25_110a5c56,precio,35799568.0,1,0,-6700000.0,21300000.0
Sep25_b5719b20,precio,27145999.0,1,0,-6700000.0,21300000.0
Sep25_9763a871,area_m2,1100.0,1,1,-230.0,618.0
Sep25_cc1b89d4,area_m2,828.0,1,0,-230.0,618.0
Sep25_33d9f512,area_m2,673.0,1,0,-230.0,618.0
Sep25_3407a827,area_m2,692.0,1,0,-230.0,618.0
Sep25_2ebafa62,area_m2,620.0,1,0,-230.0,618.0
Sep25_77bd80e3,area_m2,920.0,1,1,-230.0,618.0
Sep25_bf2d17d2,area_m2,650.0,1,0,-230.0,618.0
Sep25_366d4cfa,area_m2,678.0,1,0,-230.0,618.0
Sep25_8895356c,area_m2,980.0,1,1,-230.0,618.0
Sep25_aa8d9a34,area_m2,1100.0,1,1,-230.0,618.0
Sep25_6277b0d7,area_m2,1140.0,1,1,-230.0,618.0
Sep25_0c427024,area_m2,700.0,1,0,-230.0,618.0
Sep25_000bffd5,area_m2,837.0,1,0,-230.0,618.0
Sep25_29339ef1,area_m2,636.0,1,0,-230.0,618.0
Sep25_ed91298e,area_m2,1474.0,1,1,-230.0,618.0
Sep25_988bcdce,area_m2,662.0,1,0,-230.0,618.0
Sep25_e75f8f78,area_m2,800.0,1,0,-230.0,618.0
Sep25_828659e0,area_m2,1200.0,1,1,-230.0,618.0
Sep25_88f46d50,area_m2,1000.0,1,1,-230.0,618.0
Sep25_5f340983,area_m2,1152.0,1,1,-230.0,618.0
Sep25_78248d06,area_m2,663.0,1,0,-230.0,618.0
Sep25_855bbdff,area_m2,1000.0,1,1,-230.0,618.0
Sep25_819746f2,area_m2,1000.0,1,1,-230.0,618.0
Sep25_26d75fc2,area_m2,900.0,1,1,-230.0,618.0
Sep25_536a9d7c,area_m2,689.0,1,0,-230.0,618.0
Sep25_5861f705,area_m2,1085.0,1,1,-230.0,618.0
Sep25_fd9af4c0,area_m2,700.0,1,0,-230.0,618.0
Sep25_3c04c1e6,area_m2,826.0,1,0,-230.0,618.0
Sep25_8b1569fc,area_m2,1300.0,1,1,-230.0,618.0
Sep25_091e33eb,area_m2,792.0,1,0,-230.0,618.0
Sep25_95728795,area_m2,810.0,1,0,-230.0,618.0
Sep25_adcdd5a5,area_m2,650.0,1,0,-230.0,618.0
Sep25_e415878f,area_m2,649.0,1,0,-230.0,618.0
Sep25_64752fac,area_m2,671.0,1,0,-230.0,618.0
Sep25_b6eae0af,area_m2,771.0,1,0,-230.0,618.0
Sep25_9c8b35f1,area_m2,682.0,1,0,-230.0,618.0
Sep25_3edbfe03,area_m2,630.0,1,0,-230.0,618.0
Sep25_4702987b,area_m2,900.0,1,1,-230.0,618.0
Sep25_214fc2a3,area_m2,2000.0,1,1,-230.0,618.0
Sep25_f22262a9,area_m2,1131.0,1,1,-230.0,618.0
Sep25_7f818fd1,area_m2,690.0,1,0,-230.0,618.0
Sep25_98d9090a,area_m2,800.0,1,0,-230.0,618.0
Sep25_f326e9d3,area_m2,841.0,1,0,-230.0,618.0
Sep25_ef947e2c,area_m2,804.0,1,0,-230.0,618.0
Sep25_c635fe29,area_m2,680.0,1,0,-230.0,618.0
Sep25_3e9fc4fb,area_m2,770.0,1,0,-230.0,618.0
Sep25_b3ecee0d,area_m2,640.0,1,0,-230.0,618.0
Sep25_919548b6,area_m2,778.0,1,0,-230.0,618.0
Sep25_ea2f4f16,area_m2,720.0,1,0,-230.0,618.0
Sep25_7433b1ea,area_m2,850.0,1,0,-230.0,618.0
Sep25_d93aec86,area_m2,780.0,1,0,-230.0,618.0
Sep25_ff64d351,area_m2,1253.0,1,1,-230.0,618.0
Sep25_c7b5b124,area_m2,980.0,1,1,-230.0,618.0
Sep25_ca52a7fa,area_m2,830.0,1,0,-230.0,618.0
Sep25_5d4948bc,area_m2,770.0,1,0,-230.0,618.0
Sep25_21344345,area_m2,1156.0,1,1,-230.0,618.0
Sep25_1e48b5c4,area_m2,750.0,1,0,-230.0,618.0
Sep25_e0b42b8a,area_m2,910.0,1,1,-230.0,618.0
Sep25_f21ad193,area_m2,700.0,1,0,-230.0,618.0
Sep25_8a004ea5,area_m2,973.0,1,1,-230.0,618.0
Sep25_7b5b3460,area_m2,660.0,1,0,-230.0,618.0
Sep25_74562d27,area_m2,1100.0,1,1,-230.0,618.0
Sep25_a4cbca23,area_m2,1000.0,1,1,-230.0,618.0
Sep25_3544f45e,area_m2,876.0,1,0,-230.0,618.0
Sep25_bfae128f,area_m2,781.0,1,0,-230.0,618.0
Sep25_fb091ba1,area_m2,1000.0,1,1,-230.0,618.0
Sep25_b569cb7f,area_m2,866.0,1,0,-230.0,618.0
Sep25_fcc78a40,area_m2,1500.0,1,1,-230.0,618.0
Sep25_95354041,area_m2,800.0,1,0,-230.0,618.0
Sep25_ee37f9f4,area_m2,1462.0,1,1,-230.0,618.0
Sep25_8111162f,area_m2,636.0,1,0,-230.0,618.0
Sep25_384d43d0,area_m2,1100.0,1,1,-230.0,618.0
Sep25_04c2f4c6,area_m2,942.0,1,1,-230.0,618.0
Sep25_6adbe2c2,area_m2,665.0,1,0,-230.0,618.0
Sep25_e6a8db06,area_m2,900.0,1,1,-230.0,618.0
Sep25_a631d4ba,area_m2,1144.0,1,1,-230.0,618.0
Sep25_08b3f886,area_m2,637.0,1,0,-230.0,618.0
Sep25_4522bc74,area_m2,666.0,1,0,-230.0,618.0
Sep25_80e438f5,area_m2,700.0,1,0,-230.0,618.0
Sep25_67e23757,area_m2,723.0,1,0,-230.0,618.0
Sep25_497a8b49,area_m2,814.0,1,0,-230.0,618.0
Sep25_2579b3b6,area_m2,969.0,1,1,-230.0,618.0
Sep25_10359e10,area_m2,838.0,1,0,-230.0,618.0
Sep25_0f5ec102,area_m2,720.0,1,0,-230.0,618.0
Sep25_aa4ac4c7,area_m2,1107.0,1,1,-230.0,618.0
Sep25_a635bd8f,area_m2,619.0,1,0,-230.0,618.0
Sep25_119bf6ec,area_m2,1168.0,1,1,-230.0,618.0
Sep25_c0ea7723,area_m2,700.0,1,0,-230.0,618.0
Sep25_44a302f3,area_m2,807.0,1,0,-230.0,618.0
Sep25_8f189fdd,area_m2,1178.0,1,1,-230.0,618.0
Sep25_631b0a8a,area_m2,1264.0,1,1,-230.0,618.0
Sep25_e9f3d3d2,area_m2,996.0,1,1,-230.0,618.0
Sep25_6be64fb7,area_m2,700.0,1,0,-230.0,618.0
Sep25_05fa78fa,area_m2,699.0,1,0,-230.0,618.0
Sep25_a0da1403,area_m2,801.0,1,0,-230.0,618.0
Sep25_62687dab,area_m2,626.0,1,0,-230.0,618.0
Sep25_92c8611a,area_m2,780.0,1,0,-230.0,618.0
Sep25_6ec365f2,area_m2,780.0,1,0,-230.0,618.0
Sep25_605f054a,area_m2,786.0,1,0,-230.0,618.0
Sep25_f95b5490,area_m2,671.0,1,0,-230.0,618.0
Sep25_8db4117a,area_m2,731.0,1,0,-230.0,618.0
Sep25_46259ce2,area_m2,800.0,1,0,-230.0,618.0
Sep25_a89a6a2f,area_m2,680.0,1,0,-230.0,618.0
Sep25_0f59bab7,area_m2,800.0,1,0,-230.0,618.0
Sep25_9acfb7c8,area_m2,700.0,1,0,-230.0,618.0
Sep25_dbf0e579,area_m2,650.0,1,0,-230.0,618.0
Sep25_703d27d3,area_m2,858.0,1,0,-230.0,618.0
Sep25_56588fb4,area_m2,650.0,1,0,-230.0,618.0
Sep25_40d2e5a3,area_m2,846.0,1,0,-230.0,618.0
Sep25_8b186db3,area_m2,1408.0,1,1,-230.0,618.0
Sep25_daf08e5d,area_m2,1459.0,1,1,-230.0,618.0
Sep25_399ea1a2,area_m2,1646.0,1,1,-230.0,618.0
Sep25_22f2b936,area_m2,620.0,1,0,-230.0,618.0
Sep25_3e2bcf86,area_m2,752.0,1,0,-230.0,618.0
Sep25_93c76c90,area_m2,620.0,1,0,-230.0,618.0
Sep25_abc6938f,area_m2,700.0,1,0,-230.0,618.0
Sep25_80beb7ee,area_m2,690.0,1,0,-230.0,618.0
Sep25_2e1a0f43,area_m2,646.0,1,0,-230.0,618.0
Sep25_4261b165,area_m2,896.0,1,1,-230.0,618.0
Sep25_e1c314f4,area_m2,900.0,1,1,-230.0,618.0
Sep25_1d51bc40,area_m2,650.0,1,0,-230.0,618.0
Sep25_200416b5,area_m2,776.0,1,0,-230.0,618.0
Sep25_bb359139,area_m2,842.0,1,0,-230.0,618.0
Sep25_d95bddcc,area_m2,663.0,1,0,-230.0,618.0
Sep25_10e43beb,area_m2,1668.0,1,1,-230.0,618.0
Sep25_98a217ec,area_m2,630.0,1,0,-230.0,618.0
Sep25_973aa1d9,area_m2,630.0,1,0,-230.0,618.0
Sep25_dea8845c,area_m2,1226.0,1,1,-230.0,618.0
Sep25_2fe1875c,area_m2,620.0,1,0,-230.0,618.0
Sep25_24e5a79c,area_m2,700.0,1,0,-230.0,618.0
Sep25_f578cbd7,area_m2,750.0,1,0,-230.0,618.0
Sep25_96d40672,area_m2,1399.0,1,1,-230.0,618.0
Sep25_30f9e21e,area_m2,1462.0,1,1,-230.0,618.0
Sep25_d3fd684e,area_m2,650.0,1,0,-230.0,618.0
Sep25_6ff9747f,area_m2,650.0,1,0,-230.0,618.0
Sep25_39e3b2a3,area_m2,1050.0,1,1,-230.0,618.0
Sep25_65f7d7a0,area_m2,1414.0,1,1,-230.0,618.0
Sep25_89a64a5e,area_m2,900.0,1,1,-230.0,618.0
Sep25_e4290a75,area_m2,650.0,1,0,-230.0,618.0
Sep25_0f7459d9,area_m2,800.0,1,0,-230.0,618.0
Sep25_a0dab29c,area_m2,855.0,1,0,-230.0,618.0
Sep25_108bafd1,area_m2,840.0,1,0,-230.0,618.0
Sep25_d1b1e632,area_m2,1050.0,1,1,-230.0,618.0
Sep25_44c5b25d,area_m2,623.0,1,0,-230.0,618.0
Sep25_c65cb837,area_m2,877.0,1,0,-230.0,618.0
Sep25_6326a8e9,area_m2,930.0,1,1,-230.0,618.0
Sep25_44f09294,area_m2,650.0,1,0,-230.0,618.0
Sep25_088fd4ca,area_m2,843.0,1,0,-230.0,618.0
Sep25_0c8b5cc5,area_m2,1044.0,1,1,-230.0,618.0
Sep25_a66d0bec,area_m2,620.0,1,0,-230.0,618.0
Sep25_7494a08e,area_m2,873.0,1,0,-230.0,618.0
Sep25_fdc515e9,area_m2,938.0,1,1,-230.0,618.0
Sep25_6d433059,area_m2,750.0,1,0,-230.0,618.0
Sep25_93fde7a2,area_m2,993.0,1,1,-230.0,618.0
Sep25_41b36442,area_m2,1000.0,1,1,-230.0,618.0
Sep25_77274062,area_m2,632.0,1,0,-230.0,618.0
Sep25_6faba590,area_m2,650.0,1,0,-230.0,618.0
Sep25_475e2c89,area_m2,780.0,1,0,-230.0,618.0
Sep25_0b2aa456,area_m2,1500.0,1,1,-230.0,618.0
Sep25_bfdf179c,area_m2,1500.0,1,1,-230.0,618.0
Sep25_c7e29e87,area_m2,782.0,1,0,-230.0,618.0
Sep25_c1b95558,area_m2,677.0,1,0,-230.0,618.0
Sep25_611af7a3,area_m2,663.0,1,0,-230.0,618.0
Sep25_a0a81fdc,area_m2,631.0,1,0,-230.0,618.0
Sep25_5a6a5f7a,area_m2,747.0,1,0,-230.0,618.0
Sep25_cd77a036,area_m2,670.0,1,0,-230.0,618.0
Sep25_1cd876fc,area_m2,981.0,1,1,-230.0,618.0
Sep25_57a1d2bd,area_m2,757.0,1,0,-230.0,618.0
Sep25_87c68aa7,area_m2,1000.0,1,1,-230.0,618.0
Sep25_2e6db29e,area_m2,1152.0,1,1,-230.0,618.0
Sep25_9c88226f,area_m2,1170.0,1,1,-230.0,618.0
Sep25_de742f9e,area_m2,831.0,1,0,-230.0,618.0
Sep25_b790480b,area_m2,680.0,1,0,-230.0,618.0
Sep25_4258438b,area_m2,850.0,1,0,-230.0,618.0
Sep25_54cb27e1,area_m2,1063.0,1,1,-230.0,618.0
Sep25_649de0f8,area_m2,770.0,1,0,-230.0,618.0
Sep25_30937ff9,area_m2,781.0,1,0,-230.0,618.0
Sep25_e8e3d109,area_m2,691.0,1,0,-230.0,618.0
Sep25_f5745fd3,area_m2,800.0,1,0,-230.0,618.0
Sep25_0c8b5cc5,area_m2,1044.0,1,1,-230.0,618.0
Sep25_6d63adfe,area_m2,972.0,1,1,-230.0,618.0
Sep25_009209e1,area_m2,900.0,1,1,-230.0,618.0
Sep25_72ea7388,area_m2,800.0,1,0,-230.0,618.0
Sep25_f4866c58,area_m2,676.0,1,0,-230.0,618.0
Sep25_f43ff5a0,area_m2,700.0,1,0,-230.0,618.0
Sep25_b225119f,area_m2,993.0,1,1,-230.0,618.0
Sep25_9712d842,area_m2,792.0,1,0,-230.0,618.0
Sep25_ba444486,area_m2,1000.0,1,1,-230.0,618.0
Sep25_2cc510fc,area_m2,1480.0,1,1,-230.0,618.0
Sep25_e8c04b4e,area_m2,896.0,1,1,-230.0,618.0
Sep25_09984891,area_m2,628.0,1,0,-230.0,618.0
Sep25_7b17d86f,area_m2,700.0,1,0,-230.0,618.0
Sep25_43d57b62,area_m2,805.0,1,0,-230.0,618.0
Sep25_63098532,area_m2,920.0,1,1,-230.0,618.0
Sep25_c9296d8e,area_m2,950.0,1,1,-230.0,618.0
Sep25_62982ee0,area_m2,1759.0,1,1,-230.0,618.0
Sep25_9d86be14,area_m2,900.0,1,1,-230.0,618.0
Sep25_30fc29df,area_m2,800.0,1,0,-230.0,618.0
Sep25_362056ef,area_m2,700.0,1,0,-230.0,618.0
Sep25_0758ba90,area_m2,740.0,1,0,-230.0,618.0
Sep25_0ce3c9a9,area_m2,679.0,1,0,-230.0,618.0
Sep25_e4f57304,area_m2,792.0,1,0,-230.0,618.0
Sep25_f725bf44,area_m2,4024.0,1,1,-230.0,618.0
Sep25_07e59882,area_m2,1045.0,1,1,-230.0,618.0
Sep25_66445eb4,area_m2,800.0,1,0,-230.0,618.0
Sep25_f674d5b7,area_m2,820.0,1,0,-230.0,618.0
Sep25_9ac72c27,area_m2,755.0,1,0,-230.0,618.0
Sep25_bbd930f1,area_m2,1000.0,1,1,-230.0,618.0
Sep25_21537134,area_m2,637.0,1,0,-230.0,618.0
Sep25_7efec98a,area_m2,1019.0,1,1,-230.0,618.0
Sep25_739044b6,area_m2,636.0,1,0,-230.0,618.0
Sep25_b28ea107,area_m2,880.0,1,0,-230.0,618.0
Sep25_056260ba,area_m2,697.0,1,0,-230.0,618.0
Sep25_7c98e397,area_m2,703.0,1,0,-230.0,618.0
Sep25_84e87040,area_m2,1399.0,1,1,-230.0,618.0
Sep25_d1832b4b,area_m2,655.0,1,0,-230.0,618.0
Sep25_e4ce4b3c,area_m2,872.0,1,0,-230.0,618.0
Sep25_a0552cb8,area_m2,698.0,1,0,-230.0,618.0
Sep25_b9f72f87,area_m2,804.0,1,0,-230.0,618.0
Sep25_ffbe87d1,area_m2,1305.0,1,1,-230.0,618.0
Sep25_7ce2695a,area_m2,1800.0,1,1,-230.0,618.0
Sep25_30fc29df,area_m2,842.0,1,0,-230.0,618.0
Sep25_ae5ef12d,area_m2,800.0,1,0,-230.0,618.0
Sep25_b77f2408,area_m2,655.0,1,0,-230.0,618.0
Sep25_78500010,area_m2,830.0,1,0,-230.0,618.0
Sep25_7d5b123d,area_m2,642.0,1,0,-230.0,618.0
Sep25_0c8b5cc5,area_m2,1109.0,1,1,-230.0,618.0
Sep25_3ebce08d,area_m2,1430.0,1,1,-230.0,618.0
Sep25_ea1c5bc2,area_m2,725.0,1,0,-230.0,618.0
Sep25_1d45bd33,area_m2,700.0,1,0,-230.0,618.0
Sep25_1fcec703,area_m2,987.0,1,1,-230.0,618.0
Sep25_3789e188,area_m2,850.0,1,0,-230.0,618.0
Sep25_80679a65,area_m2,1279.0,1,1,-230.0,618.0
Sep25_8ad5cc2b,area_m2,1007.0,1,1,-230.0,618.0
Sep25_8e47eb1b,area_m2,1058.0,1,1,-230.0,618.0
Sep25_ab91e3ca,area_m2,784.0,1,0,-230.0,618.0
Sep25_b2e7a03a,area_m2,800.0,1,0,-230.0,618.0
Sep25_49400772,area_m2,651.0,1,0,-230.0,618.0
Sep25_9d2e47dc,area_m2,680.0,1,0,-230.0,618.0
Sep25_d4825d10,area_m2,972.0,1,1,-230.0,618.0
Sep25_e138036e,area_m2,762.0,1,0,-230.0,618.0
Sep25_c0774c68,area_m2,2559.0,1,1,-230.0,618.0
Sep25_afbfdef9,area_m2,900.0,1,1,-230.0,618.0
Sep25_c1cfa7c6,area_m2,765.0,1,0,-230.0,618.0
Sep25_bb87f7bd,area_m2,655.0,1,0,-230.0,618.0
Sep25_31028172,area_m2,753.0,1,0,-230.0,618.0
Sep25_82f66161,area_m2,1045.0,1,1,-230.0,618.0
Sep25_eb8d724f,area_m2,980.0,1,1,-230.0,618.0
Sep25_dc777b5a,area_m2,670.0,1,0,-230.0,618.0
Sep25_897dfb19,area_m2,920.0,1,1,-230.0,618.0
Sep25_40ee12e5,area_m2,780.0,1,0,-230.0,618.0
Sep25_1d6c59ca,area_m2,680.0,1,0,-230.0,618.0
Sep25_13101c5e,area_m2,2000.0,1,1,-230.0,618.0
Sep25_9a5ad33b,area_m2,645.0,1,0,-230.0,618.0
Sep25_635913cc,area_m2,650.0,1,0,-230.0,618.0
Sep25_c2846c37,area_m2,776.0,1,0,-230.0,618.0
Sep25_dd4754cc,area_m2,991.0,1,1,-230.0,618.0
Sep25_2b8c552f,area_m2,2473.0,1,1,-230.0,618.0
Sep25_6c5405f2,area_m2,700.0,1,0,-230.0,618.0
Sep25_dd789b5f,area_m2,938.0,1,1,-230.0,618.0
Sep25_d7c683c0,area_m2,1152.0,1,1,-230.0,618.0
Sep25_29f5dfd1,area_m2,745.0,1,0,-230.0,618.0
Sep25_236b7c0d,area_m2,1062.0,1,1,-230.0,618.0
Sep25_a4fcf8ed,area_m2,700.0,1,0,-230.0,618.0
Sep25_823e1c57,area_m2,1399.0,1,1,-230.0,618.0
Sep25_bdeebb27,area_m2,631.0,1,0,-230.0,618.0
Sep25_6eafa6e9,area_m2,650.0,1,0,-230.0,618.0
Sep25_7c98e397,area_m2,677.0,1,0,-230.0,618.0
Sep25_c86d493b,area_m2,833.0,1,0,-230.0,618.0
Sep25_bed068ae,area_m2,851.0,1,0,-230.0,618.0
Sep25_729fd0a3,area_m2,1038.0,1,1,-230.0,618.0
Sep25_31b37907,area_m2,958.0,1,1,-230.0,618.0
Sep25_e15c9c16,area_m2,846.0,1,0,-230.0,618.0
Sep25_f3559d9f,area_m2,1350.0,1,1,-230.0,618.0
Sep25_c6f74177,area_m2,957.0,1,1,-230.0,618.0
Sep25_dc5ac873,area_m2,640.0,1,0,-230.0,618.0
Sep25_6d8079d1,area_m2,765.0,1,0,-230.0,618.0
Sep25_c98dbbf3,area_m2,660.0,1,0,-230.0,618.0
Sep25_27b335ce,area_m2,1139.0,1,1,-230.0,618.0
Sep25_c691d7d6,area_m2,940.0,1,1,-230.0,618.0
Sep25_119bf6ec,area_m2,1167.0,1,1,-230.0,618.0
Sep25_3c85017b,area_m2,781.0,1,0,-230.0,618.0
Sep25_5a85093a,area_m2,850.0,1,0,-230.0,618.0
Sep25_119bf6ec,area_m2,1022.0,1,1,-230.0,618.0
Sep25_ce88a17b,area_m2,970.0,1,1,-230.0,618.0
Sep25_e0a88254,area_m2,720.0,1,0,-230.0,618.0
Sep25_971a324f,area_m2,640.0,1,0,-230.0,618.0
Sep25_ebce9883,area_m2,737.0,1,0,-230.0,618.0
Sep25_ff09170d,area_m2,845.0,1,0,-230.0,618.0
Sep25_ef7b7d0b,area_m2,634.0,1,0,-230.0,618.0
Sep25_88899f40,area_m2,1116.0,1,1,-230.0,618.0
Sep25_f7814afd,area_m2,748.0,1,0,-230.0,618.0
Sep25_edcf6627,area_m2,900.0,1,1,-230.0,618.0
Sep25_68547a2b,area_m2,1552.0,1,1,-230.0,618.0
Sep25_1726ad00,area_m2,688.0,1,0,-230.0,618.0
Sep25_60fa2519,area_m2,1256.0,1,1,-230.0,618.0
Sep25_dceb4500,area_m2,757.0,1,0,-230.0,618.0
Sep25_99428bf3,area_m2,818.0,1,0,-230.0,618.0
Sep25_b5a01ba3,area_m2,650.0,1,0,-230.0,618.0
Sep25_cef9ce8e,area_m2,820.0,1,0,-230.0,618.0
Sep25_4d133b4a,area_m2,1214.0,1,1,-230.0,618.0
Sep25_bcee98f3,area_m2,800.0,1,0,-230.0,618.0
Sep25_985c7716,area_m2,812.0,1,0,-230.0,618.0
Sep25_a87c9597,area_m2,1200.0,1,1,-230.0,618.0
Sep25_e2b042a0,area_m2,694.0,1,0,-230.0,618.0
Sep25_f2624217,area_m2,649.0,1,0,-230.0,618.0
Sep25_59e0280e,area_m2,1587.0,1,1,-230.0,618.0
Sep25_18dbb141,area_m2,700.0,1,0,-230.0,618.0
Sep25_59c30d06,area_m2,650.0,1,0,-230.0,618.0
Sep25_8865e00b,area_m2,862.0,1,0,-230.0,618.0
Sep25_3c2a7dea,area_m2,1200.0,1,1,-230.0,618.0
Sep25_5a8cb9a5,area_m2,640.0,1,0,-230.0,618.0
Sep25_71bb5d5e,area_m2,800.0,1,0,-230.0,618.0
Sep25_bbd857cf,area_m2,750.0,1,0,-230.0,618.0
Sep25_c742cc30,area_m2,2300.0,1,1,-230.0,618.0
Sep25_d3c89b33,area_m2,1427.0,1,1,-230.0,618.0
Sep25_94da5257,area_m2,700.0,1,0,-230.0,618.0
Sep25_6fab204f,area_m2,680.0,1,0,-230.0,618.0
Sep25_24af8237,area_m2,1500.0,1,1,-230.0,618.0
Sep25_65570c1e,area_m2,1103.0,1,1,-230.0,618.0
Sep25_9b182104,area_m2,2078.0,1,1,-230.0,618.0
Sep25_7c05d45f,area_m2,900.0,1,1,-230.0,618.0
Sep25_5cebccba,area_m2,1108.0,1,1,-230.0,618.0
Sep25_1a5c9c17,area_m2,1000.0,1,1,-230.0,618.0
Sep25_0d1a716a,area_m2,837.0,1,0,-230.0,618.0
Sep25_390d4ad4,area_m2,942.0,1,1,-230.0,618.0
Sep25_b68de0e1,area_m2,666.0,1,0,-230.0,618.0
Sep25_d34df921,area_m2,1178.0,1,1,-230.0,618.0
Sep25_61e86e0c,area_m2,820.0,1,0,-230.0,618.0
Sep25_47f00124,PxM2,100590.03666666668,1,0,-11579.750431270644,99583.06729371617
Sep25_446f0908,PxM2,113196.8425,1,1,-11579.750431270644,99583.06729371617
Sep25_a9bafdd2,PxM2,110158.14054054054,1,1,-11579.750431270644,99583.06729371617
Sep25_a73e03de,PxM2,131060.16666666669,1,1,-11579.750431270644,99583.06729371617
Sep25_5ef4385c,PxM2,126138.59636363636,1,1,-11579.750431270644,99583.06729371617
Sep25_8a4091c5,PxM2,128341.70689655172,1,1,-11579.750431270644,99583.06729371617
Sep25_f27ffd64,PxM2,149650.17142857143,1,1,-11579.750431270644,99583.06729371617
Sep25_b4aed414,PxM2,116275.08,1,1,-11579.750431270644,99583.06729371617
Sep25_1d45bd33,PxM2,99857.14285714286,1,0,-11579.750431270644,99583.06729371617
Sep25_0df2ca4f,PxM2,106522.0,1,1,-11579.750431270644,99583.06729371617
Sep25_91bfabad,PxM2,111194.28571428572,1,1,-11579.750431270644,99583.06729371617
Sep25_8f70ec6c,PxM2,150982.51,1,1,-11579.750431270644,99583.06729371617
Sep25_6c8ffcd3,PxM2,106602.36,1,1,-11579.750431270644,99583.06729371617
Sep25_f89120ad,PxM2,113803.34615384616,1,1,-11579.750431270644,99583.06729371617
Sep25_a8881142,PxM2,162000.0,1,1,-11579.750431270644,99583.06729371617
Sep25_358815cf,PxM2,101115.86153846154,1,0,-11579.750431270644,99583.06729371617
Sep25_e2d64062,PxM2,104500.0,1,0,-11579.750431270644,99583.06729371617
Sep25_1a21c710,PxM2,114375.81699346405,1,1,-11579.750431270644,99583.06729371617
Sep25_c45c8ba0,PxM2,119942.43307086614,1,1,-11579.750431270644,99583.06729371617
Sep25_fd9bd7f0,PxM2,143478.26086956522,1,1,-11579.750431270644,99583.06729371617
Sep25_0d9162f6,PxM2,120408.16326530612,1,1,-11579.750431270644,99583.06729371617
Sep25_0767ddf6,PxM2,104255.31914893616,1,0,-11579.750431270644,99583.06729371617
Sep25_b130cdc1,PxM2,111920.375,1,1,-11579.750431270644,99583.06729371617
Sep25_7894f35b,PxM2,100766.69354838708,1,0,-11579.750431270644,99583.06729371617
Sep25_6c71be8b,PxM2,101519.07692307692,1,0,-11579.750431270644,99583.06729371617
Sep25_34c9f577,PxM2,106169.01408450704,1,0,-11579.750431270644,99583.06729371617
Sep25_8e04fc89,PxM2,100000.0,1,0,-11579.750431270644,99583.06729371617
Sep25_4328a7d2,PxM2,107594.93670886075,1,1,-11579.750431270644,99583.06729371617
Sep25_5b0c2bae,PxM2,120155.03875968992,1,1,-11579.750431270644,99583.06729371617
Sep25_28fdd303,PxM2,104347.82608695651,1,0,-11579.750431270644,99583.06729371617
Sep25_ea3d8cd0,PxM2,118604.6511627907,1,1,-11579.750431270644,99583.06729371617
Sep25_2fe610bb,PxM2,109073.3653846154,1,1,-11579.750431270644,99583.06729371617
Sep25_c2f74c5a,PxM2,106521.73913043478,1,1,-11579.750431270644,99583.06729371617
Sep25_bc0230e5,PxM2,100367.64705882352,1,0,-11579.750431270644,99583.06729371617
Sep25_4d387e96,PxM2,116433.56643356643,1,1,-11579.750431270644,99583.06729371617
Sep25_90f04b6b,PxM2,120627.80269058296,1,1,-11579.750431270644,99583.06729371617
Sep25_a30d2b9b,PxM2,105762.71186440678,1,0,-11579.750431270644,99583.06729371617
Sep25_73bf96b3,PxM2,120000.0,1,1,-11579.750431270644,99583.06729371617
Sep25_66955bd4,PxM2,120454.54545454546,1,1,-11579.750431270644,99583.06729371617
Sep25_28ee81a8,PxM2,116279.06976744186,1,1,-11579.750431270644,99583.06729371617
Sep25_2e7ba671,PxM2,115600.0,1,1,-11579.750431270644,99583.06729371617
Sep25_11823f17,PxM2,99971.42857142857,1,0,-11579.750431270644,99583.06729371617
Sep25_78c1b8e4,PxM2,150000.0,1,1,-11579.750431270644,99583.06729371617
Sep25_16323241,PxM2,104133.72093023256,1,0,-11579.750431270644,99583.06729371617
Sep25_88f8604f,PxM2,122539.00709219858,1,1,-11579.750431270644,99583.06729371617
Sep25_ed556ec9,PxM2,104014.598540146,1,0,-11579.750431270644,99583.06729371617
Sep25_59ecf2cf,PxM2,142083.83233532935,1,1,-11579.750431270644,99583.06729371617
Sep25_ab459a93,PxM2,130458.82352941176,1,1,-11579.750431270644,99583.06729371617
Sep25_184136e8,PxM2,139094.48818897636,1,1,-11579.750431270644,99583.06729371617
Sep25_2ea196d2,PxM2,117948.71794871795,1,1,-11579.750431270644,99583.06729371617
Sep25_f65df462,PxM2,135502.95857988167,1,1,-11579.750431270644,99583.06729371617
Sep25_57fb439d,PxM2,121705.42635658916,1,1,-11579.750431270644,99583.06729371617
Sep25_4c0fb29f,PxM2,123655.91397849462,1,1,-11579.750431270644,99583.06729371617
Sep25_09e10d0f,PxM2,121004.56621004568,1,1,-11579.750431270644,99583.06729371617
Sep25_7b528844,PxM2,130000.0,1,1,-11579.750431270644,99583.06729371617
Sep25_0a252bad,PxM2,110125.38860103628,1,1,-11579.750431270644,99583.06729371617
Sep25_88769c64,PxM2,127906.97674418605,1,1,-11579.750431270644,99583.06729371617
Sep25_366c8b52,PxM2,100000.0,1,0,-11579.750431270644,99583.06729371617
Sep25_439e78ac,PxM2,110058.908045977,1,1,-11579.750431270644,99583.06729371617
Sep25_b4ac7871,PxM2,118322.03389830508,1,1,-11579.750431270644,99583.06729371617
Sep25_bac80133,PxM2,101097.08737864078,1,0,-11579.750431270644,99583.06729371617
Sep25_13ccbdba,PxM2,115813.55932203388,1,1,-11579.750431270644,99583.06729371617
Sep25_112b4720,PxM2,149288.13559322033,1,1,-11579.750431270644,99583.06729371617
Sep25_37f1db9d,PxM2,100959.59595959596,1,0,-11579.750431270644,99583.06729371617
Sep25_9d4d9347,PxM2,118322.03389830508,1,1,-11579.750431270644,99583.06729371617
Sep25_f6bfcda3,PxM2,109327.04402515724,1,1,-11579.750431270644,99583.06729371617
Sep25_f2736d8f,PxM2,108391.6083916084,1,1,-11579.750431270644,99583.06729371617
Sep25_6fa9adce,PxM2,106250.0,1,0,-11579.750431270644,99583.06729371617
Sep25_5cbef82e,PxM2,103108.80829015544,1,0,-11579.750431270644,99583.06729371617
Sep25_647af8b2,PxM2,183536.0824742268,1,1,-11579.750431270644,99583.06729371617
Sep25_cfb2dd29,PxM2,124271.7,1,1,-11579.750431270644,99583.06729371617
Sep25_005d514a,PxM2,103634.78260869563,1,0,-11579.750431270644,99583.06729371617
Sep25_7cd265aa,PxM2,99885.05747126436,1,0,-11579.750431270644,99583.06729371617
Sep25_c9877d42,PxM2,113989.63730569948,1,1,-11579.750431270644,99583.06729371617
Sep25_be8473cc,PxM2,124090.90909090907,1,1,-11579.750431270644,99583.06729371617
Sep25_40ba950a,PxM2,170253.16455696203,1,1,-11579.750431270644,99583.06729371617
Sep25_c36f1560,PxM2,146347.30538922155,1,1,-11579.750431270644,99583.06729371617
Sep25_a1417af2,PxM2,118318.66666666669,1,1,-11579.750431270644,99583.06729371617
Sep25_5ea7c3e8,PxM2,152231.09243697478,1,1,-11579.750431270644,99583.06729371617
Sep25_9bb36dca,PxM2,118390.80459770116,1,1,-11579.750431270644,99583.06729371617
Sep25_1b119cd5,PxM2,151168.22429906542,1,1,-11579.750431270644,99583.06729371617
Sep25_77990448,PxM2,117272.72727272728,1,1,-11579.750431270644,99583.06729371617
Sep25_1d1285e2,PxM2,110179.64071856288,1,1,-11579.750431270644,99583.06729371617
Sep25_d15a5fe6,PxM2,192000.0,1,1,-11579.750431270644,99583.06729371617
Sep25_db83973c,PxM2,134307.6923076923,1,1,-11579.750431270644,99583.06729371617
Sep25_5f9d6a79,PxM2,150000.0,1,1,-11579.750431270644,99583.06729371617
Sep25_e8fe1bcb,PxM2,108585.8585858586,1,1,-11579.750431270644,99583.06729371617
Sep25_9e68c6cc,PxM2,122297.48611111112,1,1,-11579.750431270644,99583.06729371617
Sep25_f7c04344,PxM2,100000.0,1,0,-11579.750431270644,99583.06729371617
Sep25_14663fcd,PxM2,112903.2258064516,1,1,-11579.750431270644,99583.06729371617
