id,PaginaWeb,Ciudad,Colonia,operacion,tipo_propiedad,area_m2,recamaras,estacionamientos,precio,mantenimiento,longitud,latitud,tiempo_publicacion,Banos_totales,antiguedad_icon,PxM2,Fecha_Scrap
Zap-Agra_Cas-006M-169_03-03-02_HUSRe-10338-20712,Inm24,Zap,Agraria,Ven,Cas,169.0,3.0,2.0,6890000.0,2000.0,-103.383587,20.712705,,3.5,,40769.230769230766,
Zap-Agua_Cas-004M-274_04-04-00_Manue-10343-20600,Inm24,Zap,Agua Blanca Sur,Ven,Cas,274.0,4.0,,4000000.0,,-103.432897,20.600985,,4.0,28.0,14598.540145985402,
Zap-Alcá_Cas-027M-423_03-03-04_DACHV-10342-20696,Inm24,Zap,Alcázar Oriente,Ven,Cas,423.0,3.0,4.0,27500000.0,,-103.42628,20.696079,228.0,3.5,8.0,65011.82033096927,
Zap-Alcá_Cas-026M-350_04-03-02_NUBOA-10342-20696,Inm24,Zap,Alcázar Oriente,Ven,Cas,350.0,4.0,2.0,26256999.0,,-103.425989,20.696196,,3.5,0.0,75019.99714285714,
Zap-Alcá_Cas-028M-423_03-03-04_DACHV-10342-20696,Inm24,Zap,Alcázar Oriente,Ven,Cas,423.0,3.0,4.0,28000000.0,,-103.42628,20.696079,,3.5,,66193.85342789599,
Zap-Alma_Cas-002M-105_02-02-00_MetRe-10347-20783,Inm24,Zap,Alma Terra,Ven,Cas,105.0,2.0,,2999999.0,,-103.47725,20.783459,,2.5,0.0,28571.41904761905,
Zap-Alta_Cas-002M-120_03-03-04_veron-10346-20788,Inm24,Zap,Altaluz,Ven,Cas,120.0,3.0,4.0,2450000.0,900.0,-103.462137,20.78811,288.0,3.5,5.0,20416.666666666668,
Zap-Alta_Cas-002M-084_02-02-02_Ferna-10346-20786,Inm24,Zap,Altaluz,Ven,Cas,84.0,2.0,2.0,2000000.0,800.0,-103.462769,20.786653,24.0,2.5,5.0,23809.52380952381,
Zap-Alte_Cas-002M-091_03-03-02_Centu-10345-20768,Inm24,Zap,Altezza,Ven,Cas,91.0,3.0,2.0,2399000.0,700.0,-103.451687,20.76849,55.0,3.0,9.0,26362.637362637364,
Zap-Altu_Cas-001M-092_03-02-02_REIIN-10347-20782,Inm24,Zap,Altus Quintas,Ven,Cas,92.0,3.0,2.0,1850000.0,400.0,-103.479719,20.782654,16.0,2.5,10.0,20108.695652173912,
Zap-Alvi_Cas-002M-140_03-03-02_Inmue-10348-20788,Inm24,Zap,Alviento II,Ven,Cas,140.0,3.0,2.0,2095000.0,650.0,-103.483333,20.788936,,3.0,,14964.285714285714,
Zap-Alvi_Cas-002M-134_03-03-02_AS01A-10348-20789,Inm24,Zap,Alviento II,Ven,Cas,134.0,3.0,2.0,2500000.0,500.0,-103.483645,20.789415,,3.0,,18656.716417910447,
Zap-Ampl_Cas-002M-250_04-03-02_Impac-10350-20804,Inm24,Zap,Ampliación Santa Lucia,Ven,Cas,250.0,4.0,2.0,2800000.0,,-103.500566,20.804768,183.0,3.0,8.0,11200.0,
Zap-Arco_Cas-003M-105_03-03-01_Franc-10341-20742,Inm24,Zap,Arcos de Zapopan,Ven,Cas,105.0,3.0,1.0,3150000.0,,-103.41206,20.742163,41.0,3.0,35.0,30000.0,
Zap-Armo_Cas-004M-185_03-03-02_Angel-10344-20746,Inm24,Zap,Armonía,Ven,Cas,185.0,3.0,2.0,4685000.0,,-103.443513,20.746337,,3.0,,25324.324324324323,
Zap-Arra_Cas-002M-098_02-03-02_CLICK-10348-20630,Inm24,Zap,Arrayanes Hábitat,Ven,Cas,98.0,2.0,2.0,2550000.0,600.0,-103.483334,20.63099,2.0,3.0,14.0,26020.408163265307,
Zap-Arra_Cas-002M-108_03-03-02_PRIMA-10348-20632,Inm24,Zap,Arrayanes Hábitat,Ven,Cas,108.0,3.0,2.0,2895000.0,500.0,-103.484925,20.63242,,3.0,,26805.555555555555,
Zap-Arro_Cas-003M-550_04-04-00_INMOB-10334-20738,Inm24,Zap,Arroyo Hondo,Ven,Cas,550.0,4.0,,3875000.0,,-103.343377,20.738554,318.0,4.0,21.0,7045.454545454545,
Zap-Arro_Cas-002M-212_00-00-00_KWGRA-10334-20740,Inm24,Zap,Arroyo Hondo,Ven,Cas,212.0,3.0,,2950000.0,,-103.347899,20.740873,30.0,2.0,,13915.09433962264,
Zap-Atla_Cas-001M-090_03-01-00_Evers-10339-20716,Inm24,Zap,Atlas Colomos,Ven,Cas,90.0,3.0,,1900000.0,,-103.399374,20.716765,,1.0,25.0,21111.11111111111,
Zap-Atla_Cas-014M-350_03-03-04_Grupo-10340-20715,Inm24,Zap,Atlas Colomos,Ven,Cas,350.0,3.0,4.0,14999000.0,,-103.401975,20.71568,,3.5,,42854.28571428572,
Zap-Atla_Cas-019M-471_03-03-00_FRAVA-10340-20716,Inm24,Zap,Atlas Colomos,Ven,Cas,471.0,3.0,,19850000.0,3500.0,-103.401943,20.71629,,3.5,,42144.37367303609,
Zap-Atla_Cas-011M-450_04-05-03_Royal-10340-20715,Inm24,Zap,Atlas Colomos,Ven,Cas,450.0,4.0,3.0,11850000.0,,-103.405439,20.715634,,5.0,0.0,26333.33333333333,
Zap-Ayam_Cas-032M-500_04-04-02_NUBOA-10346-20678,Inm24,Zap,Ayamonte,Ven,Cas,500.0,4.0,2.0,32500999.0,,-103.464986,20.678069,73.0,4.5,0.0,65001.998,
Zap-Ayam_Cas-029M-400_04-04-02_NUBOA-10346-20678,Inm24,Zap,Ayamonte,Ven,Cas,400.0,4.0,2.0,29900999.0,,-103.464986,20.678069,74.0,4.5,0.0,74752.4975,
Zap-Bell_Cas-002M-104_02-02-01_MAGNO-10346-20778,Inm24,Zap,Bellissimo,Ven,Cas,104.0,2.0,1.0,2200000.0,,-103.464241,20.778653,60.0,2.5,8.0,21153.846153846152,
Zap-Beni_Cas-004M-205_03-03-02_Black-10334-20729,Inm24,Zap,Benito Juárez,Ven,Cas,205.0,3.0,2.0,4910000.0,,-103.341813,20.729519,113.0,3.0,4.0,23951.219512195123,
Zap-Beni_Cas-003M-254_03-02-02_ALEJA-10333-20733,Inm24,Zap,Benito Juárez,Ven,Cas,254.0,3.0,2.0,3900000.0,,-103.339211,20.733692,60.0,2.0,50.0,15354.330708661417,
Zap-Beni_Cas-004M-231_03-04-02_KALI2-10333-20733,Inm24,Zap,Benito Juárez,Ven,Cas,231.0,3.0,2.0,4300000.0,,-103.339211,20.733692,,4.0,0.0,18614.71861471861,
Zap-Bosq_Cas-039M-632_04-03-05_Inspi-10342-20697,Inm24,Zap,Bosque de Los Lagos,Ven,Cas,632.0,4.0,5.0,39800000.0,,-103.426208,20.69706,246.0,3.5,0.0,62974.6835443038,
Zap-Bosq_Cas-039M-632_04-04-05_Garan-10342-20697,Inm24,Zap,Bosque de Los Lagos,Ven,Cas,632.0,4.0,5.0,39800000.0,,-103.42553,20.697889,37.0,4.5,0.0,62974.6835443038,
Zap-Bosq_Cas-032M-400_04-04-02_NUBOA-10343-20693,Inm24,Zap,Bosque de Los Virreyes,Ven,Cas,400.0,4.0,2.0,32058999.0,,-103.432342,20.69393,74.0,4.5,0.0,80147.4975,
Zap-Bosq_Cas-003M-096_02-02-02_KWGRA-10340-20760,Inm24,Zap,Bosque de Valdepeñas,Ven,Cas,96.0,2.0,2.0,3688000.0,,-103.40207,20.760894,52.0,2.0,,38416.66666666666,
Zap-Bosq_Cas-001M-108_03-02-02_Habix-10343-20771,Inm24,Zap,Bosques del Encino,Ven,Cas,108.0,3.0,2.0,1990000.0,,-103.43249,20.771611,9.0,2.0,,18425.925925925927,
Zap-Buga_Cas-005M-157_03-02-02_CASTU-10345-20612,Inm24,Zap,Bugambilias Country,Ven,Cas,157.0,3.0,2.0,5650000.0,,-103.455529,20.61275,97.0,2.5,18.0,35987.261146496814,
Zap-Caje_Cas-003M-280_04-04-00_Remax-10342-20586,Inm24,Zap,Cajetes 100,Ven,Cas,280.0,4.0,,3900000.0,,-103.423832,20.586725,36.0,4.5,0.0,13928.57142857143,
Zap-Call_Cas-001M-091_03-03-01_Angel-10347-20782,Inm24,Zap,Callejón del Bosque,Ven,Cas,91.0,3.0,1.0,1570000.0,,-103.470894,20.782207,,3.0,,17252.747252747253,
Zap-Call_Cas-013M-445_04-04-02_Tratt-10343-20691,Inm24,Zap,Callejón del Parque,Ven,Cas,445.0,4.0,2.0,13500000.0,,-103.431168,20.691873,176.0,4.5,35.0,30337.078651685395,
Zap-Cant_Cas-010M-237_04-03-05_Centu-10338-20763,Inm24,Zap,Canteras del Centinela,Ven,Cas,237.0,4.0,5.0,10950000.0,,-103.382606,20.763159,106.0,3.0,39.0,46202.53164556962,
Zap-Cant_Cas-003M-130_03-03-02_Kstor-10338-20761,Inm24,Zap,Canteras del Centinela,Ven,Cas,130.0,3.0,2.0,3890000.0,450.0,-103.384362,20.761734,11.0,3.0,18.0,29923.07692307692,
Zap-Cant_Cas-003M-138_03-02-01_Remax-10338-20764,Inm24,Zap,Canteras del Centinela,Ven,Cas,138.0,3.0,1.0,3970000.0,,-103.38629,20.764197,,2.5,,28768.115942028984,
Zap-Cant_Cas-001M-078_02-01-01_Evers-10338-20764,Inm24,Zap,Canteras del Centinela,Ven,Cas,78.0,2.0,1.0,1625000.0,,-103.384027,20.764147,,1.0,,20833.33333333333,
Zap-Cant_Cas-003M-119_02-03-00_MONIC-10333-20727,Inm24,Zap,Canteros,Ven,Cas,119.0,2.0,,3200000.0,,-103.339751,20.727156,,3.0,0.0,26890.756302521007,
Zap-Cast_Cas-008M-325_03-04-02_HUSRe-10349-20612,Inm24,Zap,Castaños,Ven,Cas,325.0,3.0,2.0,8950000.0,,-103.491291,20.612291,157.0,4.5,3.0,27538.46153846154,
Zap-Cima_Cas-021M-457_04-04-10_VECOR-10343-20721,Inm24,Zap,Cima Real,Ven,Cas,457.0,4.0,1.0,21490000.0,,-103.435664,20.721911,114.0,4.0,5.0,47024.07002188184,
Zap-Cima_Cas-015M-346_03-03-02_Cauda-10343-20722,Inm24,Zap,Cima Real,Ven,Cas,346.0,3.0,2.0,15250000.0,2388.0,-103.435743,20.722112,64.0,3.0,5.0,44075.14450867052,
Zap-Cima_Cas-013M-277_03-03-04_DORAN-10343-20721,Inm24,Zap,Cima Real,Ven,Cas,277.0,3.0,4.0,13500000.0,,-103.435004,20.721308,,3.5,10.0,48736.462093862814,
Zap-Cima_Cas-016M-359_04-05-04_CityR-10343-20720,Inm24,Zap,Cima Real,Ven,Cas,359.0,4.0,4.0,16900000.0,,-103.435938,20.72099,,5.5,1.0,47075.20891364903,
Zap-Coli_Cas-004M-096_03-03-02_DiHou-10337-20746,Inm24,Zap,Colina de Los Belenes,Ven,Cas,96.0,3.0,2.0,4800000.0,,-103.375336,20.746017,204.0,3.0,7.0,50000.0,
Zap-Coli_Cas-002M-119_03-02-02_LICGR-10337-20747,Inm24,Zap,Colina de Los Belenes,Ven,Cas,119.0,3.0,2.0,2995000.0,,-103.374474,20.747155,168.0,2.5,0.0,25168.067226890755,
Zap-Coli_Cas-003M-170_03-02-02_LICGR-10337-20744,Inm24,Zap,Colina de Los Belenes,Ven,Cas,170.0,3.0,2.0,3850000.0,,-103.37496,20.744761,169.0,2.5,0.0,22647.058823529413,
Zap-Coli_Cas-003M-119_03-02-02_LICGR-10337-20744,Inm24,Zap,Colina de Los Belenes,Ven,Cas,119.0,3.0,2.0,3100000.0,,-103.37496,20.744761,,2.0,0.0,26050.420168067227,
Zap-Coli_Cas-007M-292_04-05-02_VECOR-10339-20768,Inm24,Zap,Colinas El Centinela,Ven,Cas,292.0,4.0,2.0,7900000.0,,-103.391222,20.768129,45.0,5.0,1.0,27054.794520547945,
Zap-Coli_Cas-004M-149_03-01-02_PRIMA-10339-20768,Inm24,Zap,Colinas El Centinela,Ven,Cas,149.0,3.0,2.0,4300000.0,,-103.391222,20.768129,24.0,1.5,10.0,28859.060402684565,
Zap-Coli_Cas-004M-140_03-03-02_MartÃ-10339-20768,Inm24,Zap,Colinas El Centinela,Ven,Cas,140.0,3.0,2.0,4000000.0,950.0,-103.391222,20.768129,,3.5,0.0,28571.42857142857,
Zap-Coli_Cas-023M-394_04-05-03_REPRO-10343-20702,Inm24,Zap,Colinas Virreyes,Ven,Cas,394.0,4.0,3.0,23300000.0,3300.0,-103.436108,20.702964,101.0,5.0,0.0,59137.05583756345,
Zap-Coli_Cas-018M-380_03-04-04_GuiaE-10343-20701,Inm24,Zap,Colinas Virreyes,Ven,Cas,380.0,3.0,4.0,18500000.0,,-103.436096,20.701535,,4.5,,48684.21052631579,
Zap-Coli_Cas-007M-153_03-03-02_QUEEN-10336-20719,Inm24,Zap,Colinas de Atemajac,Ven,Cas,153.0,3.0,2.0,7500000.0,,-103.366198,20.719076,135.0,3.5,30.0,49019.60784313725,
Zap-Coli_Cas-033M-415_04-04-04_Punta-10342-20710,Inm24,Zap,Colinas de La Abadía,Ven,Cas,415.0,4.0,4.0,33500000.0,,-103.42553,20.7103,271.0,4.5,0.0,80722.89156626505,
Zap-Coli_Cas-008M-150_03-04-02_Maria-10347-20633,Inm24,Zap,Colinas de La Primavera,Ven,Cas,150.0,3.0,2.0,8890000.0,,-103.471935,20.633975,,4.0,,59266.66666666666,
Zap-Coli_Cas-002M-190_04-04-03_REIIN-10340-20621,Inm24,Zap,Colinas de Las Águilas,Ven,Cas,190.0,4.0,3.0,2900000.0,,-103.40901,20.62179,17.0,4.0,24.0,15263.157894736842,
Zap-Coli_Cas-005M-170_03-03-02_RENOV-10341-20621,Inm24,Zap,Colinas de Las Águilas,Ven,Cas,170.0,3.0,2.0,5390000.0,,-103.411012,20.621925,,3.0,0.0,31705.88235294117,
Zap-Coli_Cas-006M-203_04-04-02_Adell-10341-20622,Inm24,Zap,Colinas de Las Águilas,Ven,Cas,203.0,4.0,2.0,6490000.0,,-103.413316,20.622861,,4.0,0.0,31970.443349753696,
Zap-Coli_Cas-001M-078_02-01-01_Evers-10342-20766,Inm24,Zap,Colinas de Los Robles,Ven,Cas,78.0,2.0,1.0,1635000.0,,-103.421432,20.766073,1.0,1.0,0.0,20961.53846153846,
Zap-Coli_Cas-001M-078_02-01-01_Evers-10342-20765,Inm24,Zap,Colinas de Los Robles,Ven,Cas,78.0,2.0,1.0,1635000.0,,-103.422026,20.765421,310.0,1.0,19.0,20961.53846153846,
Zap-Coli_Cas-001M-078_02-01-01_Evers-10342-20765,Inm24,Zap,Colinas de Los Robles,Ven,Cas,78.0,2.0,1.0,1645000.0,,-103.422026,20.765421,308.0,1.0,30.0,21089.74358974359,
Zap-Coli_Cas-001M-078_02-01-01_Evers-10342-20765,Inm24,Zap,Colinas de Los Robles,Ven,Cas,78.0,2.0,1.0,1625000.0,,-103.422026,20.765421,,1.0,,20833.33333333333,
Zap-Coli_Cas-006M-194_02-02-02_RAFAE-10340-20693,Inm24,Zap,Colinas de San Javier,Ven,Cas,194.0,2.0,2.0,6500000.0,,-103.403534,20.693841,,2.5,35.0,33505.154639175256,
Zap-Coli_Cas-013M-300_04-05-03_Piso9-10340-20699,Inm24,Zap,Colinas de San Javier,Ven,Cas,300.0,4.0,3.0,13500000.0,,-103.401736,20.699237,,5.0,,45000.0,
Zap-Coli_Cas-004M-186_03-02-02_SIERR-10342-20782,Inm24,Zap,Colinas de San Miguel,Ven,Cas,186.0,3.0,2.0,4250000.0,,-103.424698,20.782895,,2.5,0.0,22849.4623655914,
Zap-Coll_Cas-002M-093_03-02-01_Grupo-10342-20648,Inm24,Zap,Colli Ctm,Ven,Cas,93.0,3.0,1.0,2580000.0,,-103.424637,20.648857,15.0,2.0,44.0,27741.93548387097,
Zap-Coll_Cas-006M-203_03-02-02_SIERR-10342-20646,Inm24,Zap,Colli Ctm,Ven,Cas,203.0,3.0,2.0,6900000.0,,-103.426246,20.646279,,2.5,,33990.14778325123,
Zap-Coll_Cas-003M-158_04-02-02_INSEA-10342-20646,Inm24,Zap,Colli Ctm,Ven,Cas,158.0,4.0,2.0,3100000.0,,-103.427614,20.646982,,2.5,,19620.25316455696,
Zap-Coll_Cas-003M-120_04-01-01_Tratt-10343-20649,Inm24,Zap,Colli Primavera,Ven,Cas,120.0,4.0,1.0,3200000.0,,-103.430678,20.649335,,1.0,,26666.666666666668,
Zap-Coll_Cas-003M-140_03-01-01_PAULI-10343-20652,Inm24,Zap,Colli Sitio,Ven,Cas,140.0,3.0,1.0,3150000.0,,-103.439639,20.652997,,1.5,,22500.0,
Zap-Cons_Cas-003M-099_03-01-02_IOBie-10337-20726,Inm24,Zap,Constituyentes,Ven,Cas,99.0,3.0,2.0,3350000.0,,-103.373895,20.726762,20.0,1.0,,33838.38383838384,
Zap-Cord_Cas-019M-521_04-04-04_CASTU-10341-20669,Inm24,Zap,Cordilleras,Ven,Cas,521.0,4.0,4.0,19500000.0,,-103.418761,20.669884,54.0,4.5,36.0,37428.02303262956,
Zap-Cord_Cas-011M-377_03-04-04_RUGAI-10342-20670,Inm24,Zap,Cordilleras,Ven,Cas,377.0,3.0,4.0,11850000.0,,-103.42189,20.670223,,4.5,20.0,31432.36074270557,
Zap-Coto_Cas-002M-100_02-02-02_Tratt-10342-20778,Inm24,Zap,Coto Altaterra,Ven,Cas,100.0,2.0,2.0,2320000.0,,-103.425099,20.778284,105.0,2.5,7.0,23200.0,
Zap-Coto_Cas-004M-175_03-03-02_Dimar-10342-20778,Inm24,Zap,Coto Altaterra,Ven,Cas,175.0,3.0,2.0,4680000.0,,-103.424984,20.778246,57.0,3.5,0.0,26742.85714285714,
Zap-Coto_Cas-003M-110_03-02-02_LIAIN-10342-20778,Inm24,Zap,Coto Altaterra,Ven,Cas,110.0,3.0,2.0,3212000.0,,-103.424471,20.778651,,2.5,,29200.0,
Zap-Coto_Cas-002M-080_02-02-00_MIDIS-10342-20790,Inm24,Zap,Coto Alva 2,Ven,Cas,80.0,2.0,,2790000.0,,-103.422327,20.790161,50.0,2.5,4.0,34875.0,
Zap-Coto_Cas-003M-100_03-02-02_GRUPO-10342-20790,Inm24,Zap,Coto Alva 2,Ven,Cas,100.0,3.0,2.0,3400000.0,,-103.423231,20.790248,14.0,2.5,0.0,34000.0,
Zap-Coto_Cas-004M-156_03-04-02_Carra-10342-20791,Inm24,Zap,Coto Alva 3,Ven,Cas,156.0,3.0,2.0,4290000.0,,-103.423899,20.791127,160.0,4.0,0.0,27500.0,
Zap-Coto_Cas-002M-100_03-02-01_GIBRA-10342-20791,Inm24,Zap,Coto Alva 3,Ven,Cas,100.0,3.0,1.0,2890000.0,800.0,-103.425641,20.791324,,2.0,0.0,28900.0,
Zap-Coto_Cas-003M-133_03-03-02_Servi-10348-20620,Inm24,Zap,Coto Amalfi,Ven,Cas,133.0,3.0,2.0,3200000.0,650.0,-103.482707,20.620242,,3.5,,24060.15037593985,
Zap-Coto_Cas-002M-102_03-03-02_1erNi-10347-20783,Inm24,Zap,Coto Casa Blanca,Ven,Cas,102.0,3.0,2.0,2290000.0,250.0,-103.470733,20.783068,6.0,3.0,15.0,22450.980392156864,
Zap-Coto_Cas-004M-117_03-02-02_CONST-10340-20768,Inm24,Zap,Coto Cañadas,Ven,Cas,117.0,3.0,2.0,4380000.0,820.0,-103.402958,20.768845,137.0,2.5,6.0,37435.89743589744,
Zap-Coto_Cas-004M-162_03-02-04_ARTUR-10341-20787,Inm24,Zap,Coto Creta,Ven,Cas,162.0,3.0,4.0,4100000.0,,-103.416198,20.787485,68.0,2.5,0.0,25308.64197530864,
Zap-Coto_Cas-004M-162_03-02-03_Viter-10341-20789,Inm24,Zap,Coto Creta,Ven,Cas,162.0,3.0,3.0,4450000.0,,-103.417104,20.789025,,2.5,,27469.135802469136,
Zap-Coto_Cas-003M-135_03-02-02_JPKEX-10343-20744,Inm24,Zap,Coto El Secreto,Ven,Cas,135.0,3.0,2.0,3390000.0,,-103.439852,20.744614,,2.5,,25111.11111111111,
Zap-Coto_Cas-003M-125_03-02-02_MyL0-10344-20745,Inm24,Zap,Coto El Secreto,Ven,Cas,125.0,3.0,2.0,3570000.0,,-103.44056,20.745481,,2.5,,28560.0,
Zap-Coto_Cas-004M-184_04-02-02_CLAUD-10341-20788,Inm24,Zap,Coto F2 Norte Sienna,Ven,Cas,184.0,4.0,2.0,4350000.0,1300.0,-103.413627,20.788475,28.0,2.5,3.0,23641.304347826088,
Zap-Coto_Cas-004M-163_03-02-02_Colum-10341-20788,Inm24,Zap,Coto F2 Norte Sienna,Ven,Cas,163.0,3.0,2.0,4150000.0,1155.0,-103.413894,20.788184,,2.5,0.0,25460.122699386506,
Zap-Coto_Cas-003M-167_03-03-02_Propi-10341-20788,Inm24,Zap,Coto F2 Norte Sienna,Ven,Cas,167.0,3.0,2.0,3860000.0,,-103.413863,20.788092,81.0,3.0,0.0,23113.77245508982,
Zap-Coto_Cas-004M-163_03-02-02_GuiaE-10341-20788,Inm24,Zap,Coto F2 Norte Sienna,Ven,Cas,163.0,3.0,2.0,4100000.0,,-103.414005,20.788129,,2.5,,25153.374233128838,
Zap-Coto_Cas-003M-170_04-03-02_Gaant-10348-20622,Inm24,Zap,Coto Livorno,Ven,Cas,170.0,4.0,2.0,3500000.0,,-103.483256,20.622567,,3.5,,20588.235294117647,
Zap-Cruc_Cas-001M-200_04-01-02_Capri-10334-20762,Inm24,Zap,Crucero de La Mesa,Ven,Cas,200.0,4.0,2.0,1350000.0,,-103.340104,20.762954,,1.0,10.0,6750.0,
Zap-Cruc_Cas-002M-278_03-03-02_RealH-10334-20763,Inm24,Zap,Crucero de La Mesa,Ven,Cas,278.0,3.0,2.0,2450000.0,,-103.346349,20.763363,87.0,3.0,0.0,8812.94964028777,
Zap-Cruz_Cas-001M-067_02-01-01_1erNi-10347-20782,Inm24,Zap,Cruz Verde,Ven,Cas,67.0,2.0,1.0,1198000.0,300.0,-103.47352,20.782405,,1.0,,17880.597014925374,
Zap-DeLa_Cas-003M-095_03-01-01_Affar-10338-20734,Inm24,Zap,De La Azalea,Ven,Cas,95.0,3.0,1.0,3300000.0,,-103.384709,20.734138,178.0,1.5,25.0,34736.84210526316,
Zap-DeLo_Cas-003M-140_03-03-02_INVER-10338-20752,Inm24,Zap,De Los Sauces,Ven,Cas,140.0,3.0,2.0,3650000.0,,-103.382487,20.75272,,3.5,,26071.42857142857,
Zap-DelB_Cas-007M-320_04-04-02_Jorge-10345-20610,Inm24,Zap,Del Bosque,Ven,Cas,320.0,4.0,2.0,7800000.0,,-103.453551,20.610253,11.0,4.0,25.0,24375.0,
Zap-DelI_Cas-006M-235_03-02-02_DAMAV-10345-20606,Inm24,Zap,Del Iris,Ven,Cas,235.0,3.0,2.0,6500000.0,,-103.450887,20.606476,147.0,2.5,20.0,27659.574468085106,
Zap-DelO_Cas-006M-189_03-04-03_ARANI-10343-20633,Inm24,Zap,Del Oro,Ven,Cas,189.0,3.0,3.0,6900000.0,,-103.434185,20.633014,,4.0,0.0,36507.93650793651,
Zap-Divi_Cas-003M-114_02-01-00_Adell-10335-20733,Inm24,Zap,División del Norte,Ven,Cas,114.0,2.0,,3150000.0,,-103.355974,20.733319,,1.0,,27631.57894736842,
Zap-Ecol_Cas-011M-405_03-03-03_SANMI-10337-20721,Inm24,Zap,Ecológica El Seattle,Ven,Cas,405.0,3.0,3.0,11900000.0,,-103.378362,20.721391,,3.5,,29382.71604938272,
Zap-Ecol_Cas-011M-400_04-05-03_Piso9-10337-20721,Inm24,Zap,Ecológica El Seattle,Ven,Cas,400.0,4.0,3.0,11900000.0,,-103.378362,20.721391,,5.0,,29750.0,
Zap-ElBa_Cas-012M-330_04-05-03_jorge-10346-20698,Inm24,Zap,El Bajo Hábitat 1,Ven,Cas,330.0,4.0,3.0,12850000.0,,-103.465483,20.698688,95.0,5.0,3.0,38939.393939393936,
Zap-ElBa_Cas-009M-221_04-04-03_NUCLE-10346-20700,Inm24,Zap,El Bajo Hábitat 1,Ven,Cas,221.0,4.0,3.0,9950000.0,,-103.466731,20.700427,,4.0,,45022.62443438914,
Zap-ElBa_Cas-010M-230_03-03-04_LAMAT-10346-20700,Inm24,Zap,El Bajo Hábitat 1,Ven,Cas,230.0,3.0,4.0,10590000.0,,-103.467017,20.700125,,3.5,,46043.47826086957,
Zap-ElBa_Cas-012M-330_04-04-03_ALCBI-10346-20700,Inm24,Zap,El Bajo Hábitat 2,Ven,Cas,330.0,4.0,3.0,12350000.0,,-103.466347,20.700843,55.0,4.0,0.0,37424.24242424242,
Zap-ElBa_Cas-009M-274_04-04-02_ALTUR-10346-20700,Inm24,Zap,El Bajo Hábitat 2,Ven,Cas,274.0,4.0,2.0,9950000.0,,-103.466291,20.700989,,4.0,,36313.868613138686,
Zap-ElBa_Cas-014M-320_03-03-02_ÃNICA-10346-20700,Inm24,Zap,El Bajo Hábitat 2,Ven,Cas,320.0,3.0,2.0,14500000.0,,-103.466321,20.700883,,3.5,,45312.5,
Zap-ElBa_Cas-014M-265_04-05-02_JAVIE-10346-20700,Inm24,Zap,El Bajo Hábitat 2,Ven,Cas,265.0,4.0,2.0,14400000.0,2500.0,-103.466321,20.700883,,5.5,0.0,54339.62264150944,
Zap-ElBa_Cas-002M-090_02-01-02_Pilar-10334-20722,Inm24,Zap,El Batan,Ven,Cas,90.0,2.0,2.0,2980000.0,,-103.347639,20.722572,69.0,1.5,37.0,33111.11111111111,
Zap-ElBa_Cas-003M-072_03-02-02_Hogar-10334-20722,Inm24,Zap,El Batan,Ven,Cas,72.0,3.0,2.0,3500000.0,150.0,-103.34613,20.722745,,2.5,,48611.11111111111,
Zap-ElCa_Cas-004M-079_04-03-02_AROBI-10343-20594,Inm24,Zap,El Campanario,Ven,Cas,79.0,4.0,2.0,4300000.0,,-103.434399,20.594835,,3.5,0.0,54430.379746835446,
Zap-ElPa_Cas-004M-215_03-02-02_GUGAI-10337-20727,Inm24,Zap,El Paraíso,Ven,Cas,215.0,3.0,2.0,4200000.0,,-103.379516,20.727328,70.0,2.5,15.0,19534.883720930236,
Zap-ElPa_Cas-006M-184_02-02-02_ALIMA-10337-20724,Inm24,Zap,El Paraíso,Ven,Cas,184.0,2.0,2.0,6915596.0,,-103.377597,20.724847,23.0,2.5,0.0,37584.760869565216,
Zap-ElPa_Cas-004M-215_03-02-02_EJEIN-10337-20727,Inm24,Zap,El Paraíso,Ven,Cas,215.0,3.0,2.0,4280000.0,,-103.379386,20.727723,,2.5,,19906.97674418605,
Zap-ElTi_Cas-004M-183_03-02-02_VECOR-10341-20764,Inm24,Zap,El Tigre,Ven,Cas,183.0,3.0,2.0,4400000.0,,-103.416742,20.764382,,2.0,0.0,24043.71584699453,
Zap-ElTi_Cas-010M-250_03-02-02_NUBOA-10341-20766,Inm24,Zap,El Tigre,Ven,Cas,250.0,3.0,2.0,10074999.0,,-103.417798,20.766516,4.0,2.5,0.0,40299.996,
Zap-ElTi_Cas-003M-095_02-02-02_Piso9-10347-20632,Inm24,Zap,El Tizate,Ven,Cas,95.0,2.0,2.0,3200000.0,,-103.475135,20.632331,57.0,2.0,0.0,33684.21052631579,
Zap-ElTi_Cas-003M-180_03-03-00_Karen-10347-20635,Inm24,Zap,El Tizate,Ven,Cas,180.0,3.0,,3250000.0,,-103.476962,20.635712,75.0,3.5,3.0,18055.555555555555,
Zap-ElZa_Cas-002M-084_02-02-01_Sandr-10341-20655,Inm24,Zap,El Zapote,Ven,Cas,84.0,2.0,1.0,2900000.0,,-103.417881,20.655156,28.0,2.5,15.0,34523.80952380953,
Zap-Elit_Cas-007M-241_03-02-02_ALTID-10346-20717,Inm24,Zap,Elite,Ven,Cas,241.0,3.0,2.0,7927500.0,7927500.0,-103.460413,20.717892,,2.5,,32894.1908713693,
Zap-Entr_Cas-015M-265_04-04-03_CAPIT-10343-20699,Inm24,Zap,Entrelomas,Ven,Cas,265.0,4.0,3.0,15200000.0,,-103.438394,20.699734,52.0,4.0,,57358.49056603773,
Zap-Esen_Cas-007M-218_03-04-02_Grupo-10345-20723,Inm24,Zap,Esencia,Ven,Cas,218.0,3.0,2.0,7875000.0,,-103.45479,20.723681,,4.5,4.0,36123.85321100918,
Zap-Estr_Cas-002M-195_03-03-02_Maria-10347-20791,Inm24,Zap,Estrada,Ven,Cas,195.0,3.0,2.0,2980000.0,,-103.470474,20.791193,,3.5,,15282.05128205128,
Zap-Estr_Cas-002M-195_03-03-00_Maria-10347-20791,Inm24,Zap,Estrada,Ven,Cas,195.0,3.0,,2900000.0,,-103.470519,20.791376,,3.5,0.0,14871.794871794871,
Zap-Euca_Cas-008M-315_03-02-03_YABEA-10342-20676,Inm24,Zap,Eucalipto Vallarta,Ven,Cas,315.0,3.0,3.0,8800000.0,,-103.426349,20.676864,,2.5,,27936.507936507936,
Zap-Euca_Cas-009M-274_04-02-02_RUGAI-10342-20675,Inm24,Zap,Eucalipto Vallarta,Ven,Cas,274.0,4.0,2.0,9990000.0,,-103.427855,20.675875,,2.5,,36459.85401459854,
Zap-Flor_Cas-003M-122_03-03-01_Marie-10344-20747,Inm24,Zap,Flores del Valle,Ven,Cas,122.0,3.0,1.0,3480000.0,,-103.44368,20.7473,,3.0,,28524.590163934427,
Zap-Fore_Cas-004M-175_03-02-02_KWGRA-10347-20629,Inm24,Zap,Foret,Ven,Cas,175.0,3.0,2.0,4590000.0,,-103.478623,20.629702,55.0,2.0,,26228.571428571428,
Zap-Fore_Cas-003M-096_04-03-02_Inmob-10348-20628,Inm24,Zap,Foret,Ven,Cas,96.0,4.0,2.0,3190000.0,,-103.480169,20.62858,,3.0,,33229.166666666664,
Zap-Fovi_Cas-004M-260_04-02-02_KWGRA-10340-20736,Inm24,Zap,Fovissste (Estatuto Jurídico),Ven,Cas,260.0,4.0,2.0,4470000.0,,-103.404222,20.736438,55.0,2.0,,17192.30769230769,
Zap-Gira_Cas-003M-118_03-03-02_REMAX-10342-20744,Inm24,Zap,Girasoles Acueducto,Ven,Cas,118.0,3.0,2.0,3490000.0,,-103.423,20.7444,,3.0,,29576.27118644068,
Zap-Guad_Cas-009M-187_03-03-02_GVCom-10339-20713,Inm24,Zap,Guadalajarita,Ven,Cas,187.0,3.0,2.0,9900000.0,,-103.39893,20.71354,6.0,3.0,0.0,52941.17647058824,
Zap-Guad_Cas-009M-187_03-03-02_ALEJA-10339-20713,Inm24,Zap,Guadalajarita,Ven,Cas,187.0,3.0,2.0,9900000.0,,-103.39893,20.71354,58.0,3.5,0.0,52941.17647058824,
Zap-Guad_Cas-003M-133_03-01-02_DiezB-10339-20713,Inm24,Zap,Guadalajarita,Ven,Cas,133.0,3.0,2.0,3450000.0,,-103.399482,20.713892,319.0,1.5,1.0,25939.84962406015,
Zap-Guad_Cas-003M-133_03-01-02_DiezB-10339-20713,Inm24,Zap,Guadalajarita,Ven,Cas,133.0,3.0,2.0,3690000.0,,-103.399482,20.713892,,1.5,,27744.36090225564,
Zap-Guad_Cas-007M-264_03-02-02_ALIMA-10342-20658,Inm24,Zap,Guadalupe Jardín,Ven,Cas,264.0,3.0,2.0,7900000.0,,-103.428781,20.658579,151.0,2.5,30.0,29924.242424242424,
Zap-Guad_Cas-006M-180_03-02-02_IMARB-10342-20658,Inm24,Zap,Guadalupe Jardín,Ven,Cas,180.0,3.0,2.0,6300000.0,,-103.426773,20.65848,,2.5,25.0,35000.0,
Zap-Guad_Cas-007M-194_04-03-03_SIERR-10342-20660,Inm24,Zap,Guadalupe Jardín,Ven,Cas,194.0,4.0,3.0,7299000.0,1200.0,-103.429436,20.660147,,3.0,,37623.71134020619,
Zap-Guad_Cas-004M-140_03-02-02_0000-10343-20653,Inm24,Zap,Guadalupe Sur,Ven,Cas,140.0,3.0,2.0,4650000.0,800.0,-103.436713,20.653455,34.0,2.5,25.0,33214.28571428572,
Zap-Guad_Cas-004M-100_02-03-00_MIDIS-10343-20653,Inm24,Zap,Guadalupe Sur,Ven,Cas,100.0,2.0,,4850000.0,,-103.43747,20.653715,,3.0,,48500.0,
Zap-Haci_Cas-003M-120_03-03-02_Inmue-10339-20758,Inm24,Zap,Hacienda del Sol,Ven,Cas,120.0,3.0,2.0,3995000.0,,-103.398577,20.758815,100.0,3.0,9.0,33291.666666666664,
Zap-Haci_Cas-002M-062_02-01-01_INMOB-10339-20760,Inm24,Zap,Hacienda del Valle,Ven,Cas,62.0,2.0,1.0,2350000.0,,-103.39557,20.760866,24.0,1.5,15.0,37903.22580645161,
Zap-Haci_Cas-001M-066_02-01-01_Centu-10339-20760,Inm24,Zap,Hacienda del Valle,Ven,Cas,66.0,2.0,1.0,1600000.0,,-103.395864,20.760254,24.0,1.0,30.0,24242.424242424244,
Zap-Haci_Cas-004M-200_03-03-02_Piso9-10345-20766,Inm24,Zap,Haciendas de Nuevo México,Ven,Cas,200.0,3.0,2.0,4899000.0,1300.0,-103.453409,20.766376,156.0,3.0,0.0,24495.0,
Zap-Haci_Cas-001M-057_02-01-01_PARED-10347-20799,Inm24,Zap,Haciendas de Zapopan,Ven,Cas,57.0,2.0,1.0,1400000.0,,-103.471047,20.799403,,1.0,,24561.40350877193,
Zap-Hoga_Cas-004M-192_03-03-02_Sierr-10342-20766,Inm24,Zap,Hogares de Nuevo México,Ven,Cas,192.0,3.0,2.0,4950000.0,1200.0,-103.426614,20.766062,46.0,3.5,0.0,25781.25,
Zap-Hoga_Cas-001M-122_02-02-02_ALIMA-10342-20762,Inm24,Zap,Hogares de Nuevo México,Ven,Cas,122.0,2.0,2.0,1985000.0,,-103.426958,20.762949,357.0,2.0,0.0,16270.491803278688,
Zap-Hoga_Cas-008M-210_03-04-02_ZMGIn-10343-20760,Inm24,Zap,Hogares de Nuevo México,Ven,Cas,210.0,3.0,2.0,8850000.0,,-103.431466,20.760882,,4.0,0.0,42142.857142857145,
Zap-Hoga_Cas-007M-328_03-02-02_GDLPr-10334-20727,Inm24,Zap,Hogares del Batan,Ven,Cas,328.0,3.0,2.0,7733000.0,,-103.345785,20.727521,16.0,2.0,0.0,23576.219512195123,
Zap-Héro_Cas-002M-120_02-02-02_PEREZ-10345-20765,Inm24,Zap,Héroes Nacionales,Ven,Cas,120.0,2.0,2.0,2600000.0,,-103.451676,20.765845,,2.5,,21666.666666666668,
Zap-Indu_Cas-003M-135_03-02-02_Kstor-10338-20746,Inm24,Zap,Industrial Zapopan Norte,Ven,Cas,135.0,3.0,2.0,3900000.0,600.0,-103.38707,20.746735,0.0,2.5,25.0,28888.88888888889,
Zap-Indu_Cas-003M-190_04-03-02_HOUMV-10338-20747,Inm24,Zap,Industrial Zapopan Norte,Ven,Cas,190.0,4.0,2.0,3749000.0,600.0,-103.388681,20.747329,305.0,3.5,25.0,19731.57894736842,
Zap-Indí_Cas-004M-549_04-04-00_Centu-10333-20741,Inm24,Zap,Indígena de Mezquitán,Ven,Cas,549.0,4.0,,4500000.0,,-103.33064,20.741194,30.0,4.0,20.0,8196.72131147541,
Zap-Jard_Cas-006M-192_03-02-02_HHASE-10342-20659,Inm24,Zap,Jardines Tepeyac,Ven,Cas,192.0,3.0,2.0,6990000.0,,-103.421515,20.659242,154.0,2.0,25.0,36406.25,
Zap-Jard_Cas-011M-210_03-03-02_HHASE-10342-20662,Inm24,Zap,Jardines Tepeyac,Ven,Cas,210.0,3.0,2.0,11900000.0,,-103.420204,20.66275,,3.5,0.0,56666.66666666666,
Zap-Jard_Cas-008M-280_03-04-02_KWGRA-10344-20659,Inm24,Zap,Jardines de Chapalita,Ven,Cas,280.0,3.0,2.0,8350000.0,,-103.440992,20.659084,52.0,4.0,,29821.42857142857,
Zap-Jard_Cas-007M-248_04-03-02_CENTU-10344-20659,Inm24,Zap,Jardines de Chapalita,Ven,Cas,248.0,4.0,2.0,7190000.0,,-103.441051,20.659105,147.0,3.5,22.0,28991.93548387097,
Zap-Jard_Cas-002M-073_03-02-01_SIERR-10335-20737,Inm24,Zap,Jardines de La Esperanza,Ven,Cas,73.0,3.0,1.0,2100000.0,,-103.358835,20.737175,17.0,2.0,25.0,28767.12328767123,
Zap-Jard_Cas-002M-073_03-02-01_SIERR-10335-20738,Inm24,Zap,Jardines de La Esperanza,Ven,Cas,73.0,3.0,1.0,2200000.0,,-103.358203,20.738529,,2.0,,30136.986301369863,
Zap-Jard_Cas-025M-560_04-03-04_Nomad-10337-20721,Inm24,Zap,Jardines de La Seattle,Ven,Cas,560.0,4.0,4.0,25950000.0,,-103.373335,20.721909,,3.0,,46339.28571428572,
Zap-Jard_Cas-002M-113_03-02-00_InmoV-10346-20780,Inm24,Zap,Jardines de Las Fuentes,Ven,Cas,113.0,3.0,,2350000.0,600.0,-103.463803,20.780091,7.0,2.5,10.0,20796.46017699115,
Zap-Jard_Cas-002M-115_03-01-02_Anafa-10346-20779,Inm24,Zap,Jardines de Las Fuentes,Ven,Cas,115.0,3.0,2.0,2200000.0,,-103.466134,20.779085,,1.5,,19130.434782608696,
Zap-Jard_Cas-002M-230_03-01-02_LICGR-10346-20779,Inm24,Zap,Jardines de Las Fuentes,Ven,Cas,230.0,3.0,2.0,2300000.0,,-103.464539,20.779515,,1.5,,10000.0,
Zap-Jard_Cas-002M-144_03-02-01_Bless-10333-20730,Inm24,Zap,Jardines de Los Belenes,Ven,Cas,144.0,3.0,1.0,2410000.0,,-103.332088,20.730688,,2.0,,16736.11111111111,
Zap-Jard_Cas-015M-215_03-03-02_Pulpp-10335-20735,Inm24,Zap,Jardines del Auditorio,Ven,Cas,215.0,3.0,2.0,15250000.0,,-103.352589,20.735685,52.0,3.0,1.0,70930.23255813954,
Zap-Jard_Cas-002M-126_04-01-00_Evers-10335-20737,Inm24,Zap,Jardines del Auditorio,Ven,Cas,126.0,4.0,,2200000.0,,-103.352231,20.737613,185.0,1.0,35.0,17460.31746031746,
Zap-Joco_Cas-008M-210_03-04-02_REALA-10344-20689,Inm24,Zap,Jocotán,Ven,Cas,210.0,3.0,2.0,8590000.0,1850.0,-103.441578,20.68945,,4.5,6.0,40904.76190476191,
Zap-Joco_Cas-009M-250_03-03-03_ALTUR-10343-20688,Inm24,Zap,Jocotán,Ven,Cas,250.0,3.0,3.0,9280000.0,1200.0,-103.43776,20.688467,,3.5,0.0,37120.0,
Zap-Joco_Cas-009M-250_04-04-03_AGSol-10343-20687,Inm24,Zap,Jocotán,Ven,Cas,250.0,4.0,3.0,9280000.0,,-103.437664,20.687967,,4.5,0.0,37120.0,
Zap-Joco_Cas-008M-198_03-02-02_Centu-10344-20686,Inm24,Zap,Jocotán,Ven,Cas,198.0,3.0,2.0,8129000.0,,-103.440975,20.686356,,2.5,,41055.55555555556,
Zap-Juan_Cas-012M-400_04-05-03_AURAI-10341-20682,Inm24,Zap,Juan Manuel Vallarta,Ven,Cas,400.0,4.0,3.0,12900000.0,,-103.410669,20.682193,,5.0,1.0,32250.0,
Zap-Juan_Cas-008M-250_04-02-02_ADRIA-10341-20680,Inm24,Zap,Juan Manuel Vallarta,Ven,Cas,250.0,4.0,2.0,8850000.0,,-103.41139,20.680518,137.0,2.5,24.0,35400.0,
Zap-Juan_Cas-013M-400_04-05-03_AURAI-10341-20682,Inm24,Zap,Juan Manuel Vallarta,Ven,Cas,400.0,4.0,3.0,13900000.0,,-103.410669,20.682193,,5.0,,34750.0,
Zap-LaAl_Cas-002M-110_03-02-02_Anafa-10345-20808,Inm24,Zap,La Alhambra,Ven,Cas,110.0,3.0,2.0,2050000.0,,-103.456921,20.808953,,2.0,,18636.36363636364,
Zap-LaCa_Cas-002M-150_04-03-00_Ateli-10343-20772,Inm24,Zap,La Cantera,Ven,Cas,150.0,4.0,,2200000.0,,-103.434126,20.772023,,3.0,,14666.666666666666,
Zap-LaCa_Cas-001M-071_02-01-01_JAZMI-10343-20772,Inm24,Zap,La Cantera,Ven,Cas,71.0,2.0,1.0,1650000.0,500.0,-103.436449,20.772378,,1.5,,23239.436619718308,
Zap-LaCa_Cas-004M-130_03-01-02_HOCRE-10342-20739,Inm24,Zap,La Casita,Ven,Cas,130.0,3.0,2.0,4200000.0,,-103.422805,20.739166,19.0,1.5,20.0,32307.69230769231,
Zap-LaCa_Cas-003M-160_02-03-02_CityR-10342-20737,Inm24,Zap,La Casita,Ven,Cas,160.0,2.0,2.0,3680000.0,,-103.421564,20.737012,141.0,3.0,15.0,23000.0,
Zap-LaCe_Cas-027M-430_04-05-04_INMOB-10342-20716,Inm24,Zap,La Ceiba,Ven,Cas,430.0,4.0,4.0,27995000.0,,-103.425261,20.716223,71.0,5.5,18.0,65104.651162790695,
Zap-LaCe_Cas-031M-390_03-03-04_ENLAC-10342-20716,Inm24,Zap,La Ceiba,Ven,Cas,390.0,3.0,4.0,31000000.0,3500.0,-103.425261,20.716223,,3.5,12.0,79487.17948717948,
Zap-LaEs_Cas-002M-100_03-02-01_GRECI-10346-20628,Inm24,Zap,La Escondida,Ven,Cas,100.0,3.0,1.0,2780000.0,350.0,-103.469964,20.628323,75.0,2.5,16.0,27800.0,
Zap-LaEs_Cas-002M-086_02-02-02_Zenda-10346-20628,Inm24,Zap,La Escondida,Ven,Cas,86.0,2.0,2.0,2490000.0,,-103.469964,20.628323,95.0,2.0,13.0,28953.488372093023,
Zap-LaEs_Cas-002M-143_03-02-02_CuÃll-10347-20627,Inm24,Zap,La Escondida,Ven,Cas,143.0,3.0,2.0,2999000.0,300.0,-103.470136,20.627962,,2.5,,20972.02797202797,
Zap-LaGl_Cas-003M-175_03-02-02_Evers-10345-20660,Inm24,Zap,La Gloria,Ven,Cas,175.0,3.0,2.0,3350000.0,,-103.454644,20.660631,,2.5,,19142.85714285714,
Zap-LaHa_Cas-002M-120_03-02-02_HUSRe-10345-20617,Inm24,Zap,La Haciendita,Ven,Cas,120.0,3.0,2.0,2990000.0,,-103.451279,20.617606,157.0,2.5,5.0,24916.666666666668,
Zap-LaHi_Cas-001M-085_02-01-01_RealH-10333-20752,Inm24,Zap,La Higuera,Ven,Cas,85.0,2.0,1.0,1150000.0,,-103.33335,20.752504,45.0,1.0,5.0,13529.411764705885,
Zap-LaLo_Cas-005M-196_03-03-02_HUSRe-10334-20728,Inm24,Zap,La Loma,Ven,Cas,196.0,3.0,2.0,5350000.0,,-103.349736,20.728327,,3.5,0.0,27295.918367346934,
Zap-LaLo_Cas-002M-064_02-01-01_Monts-10335-20728,Inm24,Zap,La Loma,Ven,Cas,64.0,2.0,1.0,2998700.0,200.0,-103.352999,20.728498,,1.5,,46854.6875,
Zap-LaLo_Cas-005M-230_04-03-02_VECOR-10334-20728,Inm24,Zap,La Loma,Ven,Cas,230.0,4.0,2.0,5350000.0,,-103.349736,20.728327,,3.0,0.0,23260.869565217392,
Zap-LaLo_Cas-003M-217_03-02-01_LICGR-10348-20635,Inm24,Zap,La Loma Alta,Ven,Cas,217.0,3.0,1.0,3380000.0,,-103.481571,20.635905,86.0,2.0,5.0,15576.036866359447,
Zap-LaMa_Cas-006M-167_04-03-02_Colum-10346-20805,Inm24,Zap,La Magdalena,Ven,Cas,167.0,4.0,2.0,6500000.0,1000.0,-103.460909,20.805876,,3.0,,38922.15568862276,
Zap-LaMe_Cas-001M-192_01-01-01_CERTE-10334-20769,Inm24,Zap,La Mesa Colorada Poniente,Ven,Cas,192.0,1.0,1.0,1300000.0,,-103.34398,20.769889,90.0,1.0,20.0,6770.833333333333,
Zap-LaPa_Cas-003M-140_03-02-02_GDLPr-10335-20728,Inm24,Zap,La Palmita,Ven,Cas,140.0,3.0,2.0,3890000.0,1.0,-103.354215,20.728521,21.0,2.0,0.0,27785.714285714286,
Zap-LaPe_Cas-006M-214_03-03-02_TALEN-10344-20771,Inm24,Zap,La Periquera,Ven,Cas,214.0,3.0,2.0,6750000.0,1300.0,-103.443645,20.771391,24.0,3.0,0.0,31542.056074766355,
Zap-LaPe_Cas-006M-276_03-04-02_KAMFR-10344-20771,Inm24,Zap,La Periquera,Ven,Cas,276.0,3.0,2.0,6199000.0,,-103.443645,20.771391,25.0,4.5,10.0,22460.144927536232,
Zap-LaPe_Cas-006M-249_04-04-03_Grupo-10344-20771,Inm24,Zap,La Periquera,Ven,Cas,249.0,4.0,3.0,6700000.0,,-103.443645,20.771391,9.0,4.5,,26907.630522088355,
Zap-LaPr_Cas-003M-331_04-03-02_Remax-10356-20718,Inm24,Zap,La Primavera,Ven,Cas,331.0,4.0,2.0,3747000.0,,-103.567061,20.718536,,3.5,20.0,11320.2416918429,
Zap-LaPr_Cas-003M-300_03-01-03_SRBie-10356-20725,Inm24,Zap,La Primavera,Ven,Cas,300.0,3.0,3.0,3700000.0,,-103.563401,20.725802,195.0,1.5,8.0,12333.333333333334,
Zap-LaPr_Cas-004M-260_04-02-03_Artur-10356-20725,Inm24,Zap,La Primavera,Ven,Cas,260.0,4.0,3.0,4990000.0,,-103.563377,20.725609,61.0,2.5,1.0,19192.30769230769,
Zap-LaSa_Cas-003M-081_02-02-02_Veron-10343-20770,Inm24,Zap,La Sauceda,Ven,Cas,81.0,2.0,2.0,3000000.0,800.0,-103.433976,20.770466,44.0,2.5,0.0,37037.03703703704,
Zap-LaSa_Cas-002M-100_03-02-02_REALA-10343-20770,Inm24,Zap,La Sauceda,Ven,Cas,100.0,3.0,2.0,2250000.0,,-103.432835,20.770544,,2.5,0.0,22500.0,
Zap-LaSt_Cas-003M-105_03-02-02_VERON-10342-20742,Inm24,Zap,La Stravaganza,Ven,Cas,105.0,3.0,2.0,3760000.0,,-103.423385,20.742741,26.0,2.5,12.0,35809.52380952381,
Zap-LaSt_Cas-004M-245_02-03-02_Propi-10342-20743,Inm24,Zap,La Stravaganza,Ven,Cas,245.0,2.0,2.0,4460000.0,,-103.422666,20.743566,,3.0,,18204.081632653066,
Zap-LaSt_Cas-004M-175_03-03-02_ASESO-10342-20743,Inm24,Zap,La Stravaganza,Ven,Cas,175.0,3.0,2.0,4980000.0,,-103.42338,20.743011,,3.5,,28457.14285714286,
Zap-LasB_Cas-003M-129_04-02-01_EMPOR-10342-20735,Inm24,Zap,Las Bóvedas,Ven,Cas,129.0,4.0,1.0,3490000.0,,-103.422938,20.73538,,2.0,,27054.263565891477,
Zap-LasB_Cas-003M-125_02-03-01_Grupo-10342-20734,Inm24,Zap,Las Bóvedas,Ven,Cas,125.0,2.0,1.0,3849000.0,,-103.422458,20.734153,,3.0,0.0,30792.0,
Zap-LasC_Cas-009M-257_03-02-03_HUMBE-10344-20658,Inm24,Zap,Las Cumbres,Ven,Cas,257.0,3.0,3.0,9200000.0,800.0,-103.441237,20.65864,114.0,2.5,20.0,35797.6653696498,
Zap-LasC_Cas-003M-132_03-01-01_Casas-10344-20659,Inm24,Zap,Las Cumbres,Ven,Cas,132.0,3.0,1.0,3790000.0,,-103.442488,20.65904,,1.5,,28712.12121212121,
Zap-LasF_Cas-007M-198_03-04-01_REIIN-10341-20668,Inm24,Zap,Las Flores,Ven,Cas,198.0,3.0,1.0,7800000.0,,-103.411676,20.668781,49.0,4.5,30.0,39393.93939393939,
Zap-LasL_Cas-025M-400_04-04-04_NUBOA-10343-20712,Inm24,Zap,Las Lomas Golf Hábitat,Ven,Cas,400.0,4.0,4.0,25636999.0,,-103.439114,20.712183,,4.5,0.0,64092.4975,
Zap-LasP_Cas-001M-076_03-02-03_ARCIN-10339-20753,Inm24,Zap,Las Palmas,Ven,Cas,76.0,3.0,3.0,1980000.0,,-103.399805,20.753484,85.0,2.5,23.0,26052.63157894737,
Zap-LasP_Cas-004M-120_02-02-02_Zevas-10341-20733,Inm24,Zap,Las Palomas,Ven,Cas,120.0,2.0,2.0,4199000.0,400.0,-103.418529,20.733949,28.0,2.5,0.0,34991.666666666664,
Zap-Laur_Cas-003M-090_03-01-01_EINMO-10338-20734,Inm24,Zap,Laureles,Ven,Cas,90.0,3.0,1.0,3500000.0,100.0,-103.386788,20.734054,,1.5,,38888.88888888889,
Zap-LePa_Cas-002M-098_03-02-02_InmoV-10346-20628,Inm24,Zap,Le Parc,Ven,Cas,98.0,3.0,2.0,2590000.0,,-103.462912,20.628765,60.0,2.0,10.0,26428.571428571428,
Zap-Lind_Cas-009M-213_03-03-03_CityR-10339-20719,Inm24,Zap,Lindavista,Ven,Cas,213.0,3.0,3.0,9990000.0,,-103.394645,20.719802,,3.5,,46901.40845070423,
Zap-Loma_Cas-006M-215_04-03-02_iadMe-10338-20715,Inm24,Zap,Loma Blanca,Ven,Cas,215.0,4.0,2.0,6900000.0,,-103.388764,20.715008,,3.5,,32093.023255813958,
Zap-Loma_Cas-005M-175_04-02-02_Inmue-10340-20636,Inm24,Zap,Loma Bonita Sur,Ven,Cas,175.0,4.0,2.0,5990000.0,,-103.404305,20.636089,64.0,2.5,25.0,34228.57142857143,
Zap-Loma_Cas-950K-072_02-01-01_KWGRA-10349-20808,Inm24,Zap,Loma Chica,Ven,Cas,72.0,2.0,1.0,950000.0,,-103.490069,20.808693,52.0,1.0,,13194.444444444443,
Zap-Loma_Cas-001M-105_02-02-01_Habix-10348-20808,Inm24,Zap,Loma Chica,Ven,Cas,105.0,2.0,1.0,1600000.0,,-103.487167,20.808807,31.0,2.0,,15238.09523809524,
Zap-Loma_Cas-002M-220_04-01-01_AURAI-10348-20808,Inm24,Zap,Loma Chica,Ven,Cas,220.0,4.0,1.0,2300000.0,,-103.486585,20.808751,,1.0,5.0,10454.545454545454,
Zap-Loma_Cas-004M-177_03-03-02_TopGr-10342-20776,Inm24,Zap,Loma Imperial,Ven,Cas,177.0,3.0,2.0,4200000.0,737.0,-103.426702,20.776431,,3.0,0.0,23728.813559322032,
Zap-Loma_Cas-019M-281_04-03-04_CityR-10341-20689,Inm24,Zap,Loma Real,Ven,Cas,281.0,4.0,4.0,19800000.0,2500.0,-103.410034,20.68994,45.0,3.0,22.0,70462.6334519573,
Zap-Loma_Cas-019M-363_04-05-00_Inmob-10341-20689,Inm24,Zap,Loma Real,Ven,Cas,363.0,4.0,,19950000.0,,-103.413475,20.689385,,5.5,0.0,54958.67768595041,
Zap-Loma_Cas-022M-430_04-05-03_Inmob-10341-20689,Inm24,Zap,Loma Real,Ven,Cas,430.0,4.0,3.0,22150000.0,,-103.413475,20.689385,,5.5,0.0,51511.62790697674,
Zap-Loma_Cas-019M-360_04-04-02_Royal-10341-20689,Inm24,Zap,Loma Real,Ven,Cas,360.0,4.0,2.0,19450000.0,,-103.413416,20.689506,,4.0,0.0,54027.77777777778,
Zap-Loma_Cas-002M-085_03-02-01_Miria-10341-20766,Inm24,Zap,Loma del Bosque,Ven,Cas,85.0,3.0,1.0,2690000.0,450.0,-103.419921,20.766714,22.0,2.0,11.0,31647.058823529413,
Zap-Loma_Cas-005M-174_04-03-01_PRIME-10343-20685,Inm24,Zap,Lomas Universidad,Ven,Cas,174.0,4.0,1.0,5680000.0,,-103.434538,20.685903,150.0,3.0,27.0,32643.67816091954,
Zap-Loma_Cas-002M-065_02-01-01_Vanes-10343-20684,Inm24,Zap,Lomas Universidad,Ven,Cas,65.0,2.0,1.0,2990000.0,,-103.435113,20.684537,3.0,1.0,40.0,46000.0,
Zap-Loma_Cas-005M-220_04-04-02_REMAX-10343-20685,Inm24,Zap,Lomas Universidad,Ven,Cas,220.0,4.0,2.0,5350000.0,,-103.433,20.6857,,4.0,,24318.18181818182,
Zap-Loma_Cas-006M-198_03-02-02_OSCAR-10336-20715,Inm24,Zap,Lomas de Atemajac,Ven,Cas,198.0,3.0,2.0,6150000.0,,-103.363944,20.715229,45.0,2.0,0.0,31060.60606060606,
Zap-Loma_Cas-008M-198_04-03-02_GMHAB-10341-20667,Inm24,Zap,Lomas de Guadalupe,Ven,Cas,198.0,4.0,2.0,8250000.0,,-103.417479,20.667744,19.0,3.0,1.0,41666.66666666666,
Zap-Loma_Cas-007M-208_04-03-02_MFSer-10341-20667,Inm24,Zap,Lomas de Guadalupe,Ven,Cas,208.0,4.0,2.0,7990000.0,,-103.417479,20.667744,72.0,3.0,25.0,38413.46153846154,
Zap-Loma_Cas-006M-215_03-03-00_KWGRA-10341-20668,Inm24,Zap,Lomas de Guadalupe,Ven,Cas,215.0,3.0,,6800000.0,,-103.419999,20.668647,45.0,3.0,,31627.906976744187,
Zap-Loma_Cas-007M-322_03-02-02_GuiaE-10342-20668,Inm24,Zap,Lomas de Guadalupe,Ven,Cas,322.0,3.0,2.0,7800000.0,,-103.420309,20.668476,,2.5,,24223.60248447205,
Zap-Loma_Cas-002M-150_03-02-02_INVER-10347-20640,Inm24,Zap,Lomas de La Primavera,Ven,Cas,150.0,3.0,2.0,2290000.0,,-103.47221,20.64021,,2.0,25.0,15266.666666666666,
Zap-Loma_Cas-001M-260_03-03-02_RealH-10347-20645,Inm24,Zap,Lomas de La Primavera,Ven,Cas,260.0,3.0,2.0,1950000.0,,-103.477252,20.645459,89.0,3.0,5.0,7500.0,
Zap-Loma_Cas-002M-080_03-02-02_PALOM-10343-20770,Inm24,Zap,Lomas de San Gonzalo,Ven,Cas,80.0,3.0,2.0,2100000.0,,-103.434512,20.770047,,2.0,,26250.0,
Zap-Loma_Cas-002M-090_02-02-02_SIERR-10343-20772,Inm24,Zap,Lomas de San Gonzalo,Ven,Cas,90.0,2.0,2.0,2500000.0,,-103.438049,20.772842,,2.0,,27777.777777777777,
Zap-Loma_Cas-002M-087_03-02-02_LIAIN-10343-20770,Inm24,Zap,Lomas de San Gonzalo,Ven,Cas,87.0,3.0,2.0,2127000.0,,-103.434888,20.770163,,2.0,,24448.275862068964,
Zap-Loma_Cas-003M-160_03-02-00_Kstor-10335-20722,Inm24,Zap,Lomas del Batan,Ven,Cas,160.0,3.0,,3700000.0,,-103.352246,20.722189,54.0,2.5,40.0,23125.0,
Zap-Loma_Cas-001M-063_02-01-01_AYDEG-10336-20758,Inm24,Zap,Lomas del Centinela,Ven,Cas,63.0,2.0,1.0,1950000.0,,-103.361132,20.758376,23.0,1.5,16.0,30952.380952380958,
Zap-Loma_Cas-001M-120_04-03-01_Capri-10336-20765,Inm24,Zap,Lomas del Centinela,Ven,Cas,120.0,4.0,1.0,1650000.0,,-103.368125,20.765095,,3.0,,13750.0,
Zap-Loma_Cas-008M-200_03-02-02_iadMe-10344-20665,Inm24,Zap,Lomas del Colli,Ven,Cas,200.0,3.0,2.0,8300000.0,,-103.447557,20.665609,,2.5,0.0,41500.0,
Zap-Loma_Cas-007M-290_03-03-02_SIERR-10346-20627,Inm24,Zap,Lomas del Fortín,Ven,Cas,290.0,3.0,2.0,7000000.0,,-103.468571,20.627685,53.0,3.5,6.0,24137.93103448276,
Zap-Loma_Cas-002M-119_03-01-04_SOTOY-10333-20742,Inm24,Zap,Lomas del Refugio,Ven,Cas,119.0,3.0,4.0,2980000.0,,-103.335555,20.742623,29.0,1.0,8.0,25042.016806722688,
Zap-Loma_Cas-016M-720_04-05-04_Urban-10342-20668,Inm24,Zap,Lomas del Seminario,Ven,Cas,720.0,4.0,4.0,16500000.0,,-103.421278,20.668153,,5.5,25.0,22916.666666666668,
Zap-Loma_Cas-009M-320_03-03-03_Capri-10342-20667,Inm24,Zap,Lomas del Seminario,Ven,Cas,320.0,3.0,3.0,9900000.0,,-103.423002,20.667794,263.0,3.5,15.0,30937.5,
Zap-Loma_Cas-019M-521_04-04-04_Capri-10342-20667,Inm24,Zap,Lomas del Seminario,Ven,Cas,521.0,4.0,4.0,19500000.0,,-103.423002,20.667794,19.0,4.5,30.0,37428.02303262956,
Zap-Loma_Cas-010M-343_03-03-02_Sandr-10342-20668,Inm24,Zap,Lomas del Seminario,Ven,Cas,343.0,3.0,2.0,10750000.0,,-103.422605,20.668186,13.0,3.5,25.0,31341.10787172012,
Zap-LosC_Cas-018M-375_04-05-03_GB00-10344-20698,Inm24,Zap,Los Castaños,Ven,Cas,375.0,4.0,3.0,18950000.0,3000.0,-103.446331,20.698076,0.0,5.5,5.0,50533.333333333336,
Zap-LosC_Cas-018M-375_04-05-03_GB00-10344-20697,Inm24,Zap,Los Castaños,Ven,Cas,375.0,4.0,3.0,18950000.0,2100.0,-103.444313,20.697866,164.0,5.5,3.0,50533.333333333336,
Zap-LosC_Cas-018M-420_03-04-04_Dimar-10344-20697,Inm24,Zap,Los Castaños,Ven,Cas,420.0,3.0,4.0,18500000.0,,-103.446391,20.697557,,4.5,,44047.619047619046,
Zap-LosC_Cas-016M-321_03-04-02_Dimar-10344-20697,Inm24,Zap,Los Castaños,Ven,Cas,321.0,3.0,2.0,16500000.0,,-103.446391,20.697557,,4.5,,51401.86915887851,
Zap-LosF_Cas-032M-599_04-05-05_GuiaE-10341-20723,Inm24,Zap,Los Frailes,Ven,Cas,599.0,4.0,5.0,32550000.0,,-103.416447,20.723263,,5.5,,54340.56761268781,
Zap-LosM_Cas-007M-245_04-03-02_GRUPO-10337-20722,Inm24,Zap,Los Maestros,Ven,Cas,245.0,4.0,2.0,7990000.0,,-103.377287,20.722784,63.0,3.5,20.0,32612.244897959183,
Zap-LosM_Cas-012M-350_04-04-03_osvac-10337-20722,Inm24,Zap,Los Maestros,Ven,Cas,350.0,4.0,3.0,12800000.0,,-103.376085,20.722654,,4.5,13.0,36571.42857142857,
Zap-LosO_Cas-016M-350_03-03-02_NUBOA-10342-20656,Inm24,Zap,Los Olivos,Ven,Cas,350.0,3.0,2.0,16809999.0,,-103.421919,20.656565,,3.5,0.0,48028.56857142857,
Zap-LosP_Cas-003M-176_03-03-02_Alber-10342-20618,Inm24,Zap,Los Periodistas,Ven,Cas,176.0,3.0,2.0,3750000.0,,-103.429516,20.618555,,3.5,,21306.81818181818,
Zap-LosT_Cas-001M-081_03-02-01_GDLPr-10348-20798,Inm24,Zap,Los Telares,Ven,Cas,81.0,3.0,1.0,1800000.0,1.0,-103.485474,20.798101,94.0,2.0,0.0,22222.222222222223,
Zap-LosÁ_Cas-003M-115_03-04-02_CityR-10349-20789,Inm24,Zap,Los Ángeles,Ven,Cas,115.0,3.0,2.0,3500000.0,,-103.493781,20.789929,190.0,4.0,1.0,30434.78260869565,
Zap-LosÁ_Cas-002M-140_04-05-02_Aleja-10349-20790,Inm24,Zap,Los Ángeles,Ven,Cas,140.0,4.0,2.0,2500000.0,,-103.490981,20.790018,146.0,5.0,0.0,17857.14285714286,
Zap-Luce_Cas-002M-083_03-02-02_Jazmi-10343-20753,Inm24,Zap,Lucero del Valle,Ven,Cas,83.0,3.0,2.0,2750000.0,400.0,-103.437277,20.753892,,2.0,0.0,33132.530120481926,
Zap-Magi_Cas-005M-312_04-02-02_ReMax-10339-20760,Inm24,Zap,Magisterial Valle de San Isidro,Ven,Cas,312.0,4.0,2.0,5100000.0,,-103.391832,20.760331,,2.5,,16346.153846153846,
Zap-Mesa_Cas-002M-116_03-03-00_MiTie-10333-20761,Inm24,Zap,Mesa Colorada Oriente,Ven,Cas,116.0,3.0,,2200000.0,,-103.337635,20.761009,184.0,3.0,15.0,18965.51724137931,
Zap-Mesa_Cas-002M-250_03-02-01_CuÃll-10333-20760,Inm24,Zap,Mesa Colorada Oriente,Ven,Cas,250.0,3.0,1.0,2000000.0,,-103.338036,20.760777,,2.0,,8000.0,
Zap-Mesa_Cas-002M-363_02-01-00_Vangu-10335-20765,Inm24,Zap,Mesa de Los Ocotes,Ven,Cas,363.0,2.0,,2200000.0,,-103.354972,20.765841,14.0,1.0,7.0,6060.606060606061,
Zap-Mesa_Cas-006M-201_03-04-03_DARAR-10335-20764,Inm24,Zap,Mesa de Los Ocotes,Ven,Cas,201.0,3.0,3.0,6990000.0,,-103.353381,20.764325,158.0,4.5,0.0,34776.119402985074,
Zap-Mira_Cas-004M-205_04-02-00_jenni-10339-20759,Inm24,Zap,Mirador San Isidro,Ven,Cas,205.0,4.0,,4850000.0,,-103.391222,20.759367,68.0,2.5,20.0,23658.53658536585,
Zap-Mira_Cas-004M-115_02-02-02_Miche-10339-20756,Inm24,Zap,Mirador San Isidro,Ven,Cas,115.0,2.0,2.0,4205000.0,750.0,-103.390167,20.756373,54.0,2.0,8.0,36565.21739130434,
Zap-Mira_Cas-001M-053_02-01-01_Paule-10339-20759,Inm24,Zap,Mirador San Isidro,Ven,Cas,53.0,2.0,1.0,1850000.0,,-103.391222,20.759367,42.0,1.0,20.0,34905.660377358494,
Zap-Mira_Cas-002M-213_03-03-01_INVER-10345-20639,Inm24,Zap,Miramar,Ven,Cas,213.0,3.0,1.0,2850000.0,,-103.458421,20.639207,116.0,3.0,19.0,13380.281690140846,
Zap-Misi_Cas-001M-112_04-02-01_MiInm-10345-20803,Inm24,Zap,Misión Capistrano,Ven,Cas,112.0,4.0,1.0,1600000.0,,-103.453198,20.803912,,2.0,,14285.714285714286,
Zap-Misi_Cas-001M-065_02-01-01_IGPIN-10345-20803,Inm24,Zap,Misión Capistrano,Ven,Cas,65.0,2.0,1.0,1290000.0,250.0,-103.453218,20.80369,,1.0,,19846.153846153848,
Zap-Misi_Cas-990K-120_02-01-01_Aleja-10345-20616,Inm24,Zap,Misión Santa Ana,Ven,Cas,120.0,2.0,1.0,990000.0,700.0,-103.459126,20.616501,0.0,1.5,15.0,8250.0,
Zap-Misi_Cas-015M-757_04-04-05_Inmob-10338-20763,Inm24,Zap,Misión del Bosque,Ven,Cas,757.0,4.0,5.0,15500000.0,,-103.389056,20.763189,275.0,4.5,1.0,20475.56142668428,
Zap-Misi_Cas-002M-074_02-01-02_PARED-10338-20763,Inm24,Zap,Misión del Bosque,Ven,Cas,74.0,2.0,2.0,2050000.0,,-103.389056,20.763189,31.0,1.5,5.0,27702.702702702703,
Zap-Misi_Cas-001M-067_02-01-01_Habix-10343-20751,Inm24,Zap,Misión del Valle,Ven,Cas,67.0,2.0,1.0,1900000.0,,-103.437465,20.751302,64.0,1.5,,28358.20895522388,
Zap-Misi_Cas-003M-082_03-02-02_Maria-10343-20752,Inm24,Zap,Misión del Valle,Ven,Cas,82.0,3.0,2.0,3450000.0,500.0,-103.439075,20.752005,,2.5,,42073.17073170732,
Zap-Misi_Cas-002M-068_02-03-01_Habix-10343-20750,Inm24,Zap,Misión del Valle,Ven,Cas,68.0,2.0,1.0,2400000.0,,-103.437945,20.750013,37.0,3.5,,35294.117647058825,
Zap-Misi_Cas-002M-082_03-02-02_Maria-10343-20752,Inm24,Zap,Misión del Valle,Ven,Cas,82.0,3.0,2.0,2750000.0,500.0,-103.439075,20.752005,,2.0,,33536.58536585366,
Zap-Moct_Cas-002M-086_03-01-00_Conta-10343-20650,Inm24,Zap,Moctezuma,Ven,Cas,86.0,3.0,,2960000.0,,-103.430603,20.650581,143.0,1.0,40.0,34418.604651162794,
Zap-Mona_Cas-004M-104_03-03-02_SIERR-10342-20740,Inm24,Zap,Monarca,Ven,Cas,104.0,3.0,2.0,4015000.0,600.0,-103.424932,20.740778,59.0,3.0,10.0,38605.769230769234,
Zap-Mont_Cas-005M-170_03-03-02_TALEN-10340-20765,Inm24,Zap,Montes,Ven,Cas,170.0,3.0,2.0,5400000.0,1035.0,-103.405102,20.765453,30.0,3.0,0.0,31764.70588235294,
Zap-Mont_Cas-002M-150_03-02-02_Cuéll-10347-20625,Inm24,Zap,Monteverde,Ven,Cas,150.0,3.0,2.0,2650000.0,450.0,-103.474264,20.625086,91.0,2.5,17.0,17666.666666666668,
Zap-Nuev_Cas-002M-090_02-01-00_Glori-10342-20651,Inm24,Zap,Nueva Primavera,Ven,Cas,90.0,2.0,,2650000.0,,-103.429375,20.651412,,1.5,,29444.444444444445,
Zap-Nuev_Cas-002M-172_03-03-01_SERGI-10336-20754,Inm24,Zap,Nuevo Vergel,Ven,Cas,172.0,3.0,1.0,2700000.0,,-103.361204,20.754471,77.0,3.0,30.0,15697.67441860465,
Zap-Oyam_Cas-002M-107_03-03-02_Migue-10347-20630,Inm24,Zap,Oyamel III,Ven,Cas,107.0,3.0,2.0,2550000.0,,-103.477163,20.630335,37.0,3.0,10.0,23831.77570093458,
Zap-Palm_Cas-007M-265_03-03-02_Piso9-10345-20717,Inm24,Zap,Palma Real,Ven,Cas,265.0,3.0,2.0,7945000.0,1590.0,-103.45521,20.71749,,3.5,0.0,29981.132075471694,
Zap-Palm_Cas-006M-236_03-04-02_HUSRe-10345-20717,Inm24,Zap,Palma Real,Ven,Cas,236.0,3.0,2.0,6690000.0,,-103.455493,20.71747,,4.0,,28347.457627118645,
Zap-Palm_Cas-005M-250_04-03-05_Centu-10343-20597,Inm24,Zap,Palmira,Ven,Cas,250.0,4.0,5.0,5320000.0,,-103.430957,20.597351,,3.0,,21280.0,
Zap-Palm_Cas-011M-420_04-05-04_ALCBI-10343-20593,Inm24,Zap,Palmira,Ven,Cas,420.0,4.0,4.0,11400000.0,,-103.430113,20.593968,,5.5,0.0,27142.85714285714,
Zap-Para_Cas-011M-614_03-04-04_REMAX-10344-20609,Inm24,Zap,Paraíso Los Pinos,Ven,Cas,614.0,3.0,4.0,11300000.0,,-103.443,20.6096,329.0,4.0,1.0,18403.908794788276,
Zap-Para_Cas-011M-363_04-05-03_Maria-10344-20609,Inm24,Zap,Paraíso Los Pinos,Ven,Cas,363.0,4.0,3.0,11950000.0,,-103.442008,20.609047,73.0,5.0,13.0,32920.11019283746,
Zap-Para_Cas-003M-141_03-02-02_SINTO-10344-20654,Inm24,Zap,Paraísos del Colli,Ven,Cas,141.0,3.0,2.0,3260000.0,,-103.448375,20.654024,80.0,2.0,,23120.567375886523,
Zap-Para_Cas-003M-180_04-05-02_LuisA-10345-20651,Inm24,Zap,Paraísos del Colli,Ven,Cas,180.0,4.0,2.0,3499000.0,,-103.452576,20.65163,38.0,5.0,9.0,19438.88888888889,
Zap-Para_Cas-002M-119_03-01-01_IxtaI-10344-20645,Inm24,Zap,Paraísos del Colli,Ven,Cas,119.0,3.0,1.0,2500000.0,,-103.44616,20.64514,139.0,1.0,,21008.40336134454,
Zap-Para_Cas-002M-119_03-01-01_IxtaI-10344-20645,Inm24,Zap,Paraísos del Colli,Ven,Cas,119.0,3.0,1.0,2100000.0,,-103.44616,20.64514,,1.0,,17647.058823529413,
Zap-Parq_Cas-003M-122_03-03-02_Impac-10346-20627,Inm24,Zap,Parque Arrayanes,Ven,Cas,122.0,3.0,2.0,3550000.0,,-103.468282,20.627049,3.0,3.0,17.0,29098.360655737702,
Zap-Parq_Cas-002M-120_03-03-02_QUALI-10346-20625,Inm24,Zap,Parque Arrayanes,Ven,Cas,120.0,3.0,2.0,2995000.0,,-103.469105,20.625145,,3.0,,24958.33333333333,
Zap-Parq_Cas-003M-140_03-03-02_CLICK-10346-20626,Inm24,Zap,Parque Arrayanes,Ven,Cas,140.0,3.0,2.0,3200000.0,700.0,-103.468123,20.626837,,3.0,,22857.14285714286,
Zap-Parq_Cas-002M-100_03-03-02_ALMA-10346-20627,Inm24,Zap,Parque Arrayanes,Ven,Cas,100.0,3.0,2.0,2950000.0,850.0,-103.468282,20.627049,,3.0,,29500.0,
Zap-Parq_Cas-003M-070_02-01-00_JOSEA-10344-20762,Inm24,Zap,Parque Real,Ven,Cas,70.0,2.0,,3000000.0,600.0,-103.44555,20.762314,50.0,1.5,8.0,42857.142857142855,
Zap-Parq_Cas-009M-360_04-03-04_FERNA-10342-20689,Inm24,Zap,Parque Regency,Ven,Cas,360.0,4.0,4.0,9090000.0,,-103.429321,20.689278,,3.5,,25250.0,
Zap-Parq_Cas-001M-082_02-01-01_Habix-10348-20786,Inm24,Zap,Parque de Las Aves,Ven,Cas,82.0,2.0,1.0,1390000.0,,-103.488592,20.786213,22.0,1.0,,16951.219512195123,
Zap-Parq_Cas-001M-061_02-01-01_AYDEG-10348-20790,Inm24,Zap,Parque de Las Aves,Ven,Cas,61.0,2.0,1.0,1053000.0,,-103.488558,20.790096,,1.0,,17262.29508196721,
Zap-Parq_Cas-002M-094_02-02-01_CityR-10344-20622,Inm24,Zap,Parque de Las Azaleas,Ven,Cas,94.0,2.0,1.0,2350000.0,,-103.449546,20.622752,,2.0,10.0,25000.0,
Zap-Parq_Cas-003M-090_02-02-01_Piso9-10344-20649,Inm24,Zap,Parques Tepeyac,Ven,Cas,90.0,2.0,1.0,3420000.0,,-103.442146,20.64913,23.0,2.5,20.0,38000.0,
Zap-Parq_Cas-002M-085_02-02-01_VALFE-10344-20648,Inm24,Zap,Parques Tepeyac,Ven,Cas,85.0,2.0,1.0,2890000.0,,-103.441821,20.648986,,2.0,,34000.0,
Zap-Parq_Cas-006M-184_03-02-02_MyL0-10338-20759,Inm24,Zap,Parques del Centinela,Ven,Cas,184.0,3.0,2.0,6388000.0,,-103.388977,20.759414,320.0,2.5,0.0,34717.391304347824,
Zap-Parq_Cas-002M-108_03-02-02_SOLAR-10338-20759,Inm24,Zap,Parques del Centinela,Ven,Cas,108.0,3.0,2.0,2900000.0,600.0,-103.387838,20.759798,1.0,2.0,17.0,26851.85185185185,
Zap-Pase_Cas-004M-105_03-02-02_CREAL-10343-20687,Inm24,Zap,Paseos Universidad,Ven,Cas,105.0,3.0,2.0,4290000.0,350.0,-103.435597,20.687047,204.0,2.0,6.0,40857.142857142855,
Zap-Pase_Cas-005M-149_03-02-02_LICGR-10343-20687,Inm24,Zap,Paseos Universidad,Ven,Cas,149.0,3.0,2.0,5149000.0,300.0,-103.435882,20.687128,100.0,2.5,30.0,34557.04697986577,
Zap-Pase_Cas-004M-113_04-03-02_Grupo-10343-20686,Inm24,Zap,Paseos Universidad,Ven,Cas,113.0,4.0,2.0,4800000.0,,-103.434717,20.686718,211.0,3.0,14.0,42477.87610619469,
Zap-Pase_Cas-005M-150_03-02-03_LICGR-10343-20687,Inm24,Zap,Paseos Universidad,Ven,Cas,150.0,3.0,3.0,5649000.0,300.0,-103.435882,20.687128,,2.5,,37660.0,
Zap-Pase_Cas-004M-150_04-03-02_Capit-10340-20755,Inm24,Zap,Paseos del Camichín,Ven,Cas,150.0,4.0,2.0,4650000.0,900.0,-103.404401,20.755707,238.0,3.5,0.0,31000.0,
Zap-Pase_Cas-004M-150_04-03-02_Capit-10340-20755,Inm24,Zap,Paseos del Camichín,Ven,Cas,150.0,4.0,2.0,4995000.0,900.0,-103.404401,20.755707,,3.5,0.0,33300.0,
Zap-Poni_Cas-010M-209_04-03-03_URBAN-10342-20722,Inm24,Zap,Poniente,Ven,Cas,209.0,4.0,3.0,10500000.0,,-103.422315,20.722033,,3.5,15.0,50239.23444976076,
Zap-Poni_Cas-005M-182_04-03-02_InmoV-10342-20728,Inm24,Zap,Poniente,Ven,Cas,182.0,4.0,2.0,5440000.0,,-103.429422,20.72834,39.0,3.0,0.0,29890.10989010989,
Zap-Port_Cas-005M-190_03-04-02_Grupo-10345-20729,Inm24,Zap,Porta Real,Ven,Cas,190.0,3.0,2.0,5899000.0,,-103.452209,20.729335,39.0,4.0,12.0,31047.36842105263,
Zap-Port_Cas-006M-171_03-03-02_KWGRA-10345-20728,Inm24,Zap,Porta Real,Ven,Cas,171.0,3.0,2.0,6150000.0,,-103.45391,20.72829,53.0,3.0,,35964.91228070176,
Zap-Port_Cas-005M-163_03-03-02_SIERR-10345-20728,Inm24,Zap,Porta Real,Ven,Cas,163.0,3.0,2.0,5380000.0,1500.0,-103.455111,20.728715,,3.0,,33006.134969325154,
Zap-Port_Cas-004M-143_01-01-00_Grupo-10345-20728,Inm24,Zap,Porta Real,Ven,Cas,143.0,1.0,,4700000.0,,-103.45647,20.728598,,1.0,,32867.13286713287,
Zap-Prad_Cas-003M-102_04-03-02_SIERR-10345-20769,Inm24,Zap,Praderas de San Antonio,Ven,Cas,102.0,4.0,2.0,3230000.0,,-103.457524,20.769887,207.0,3.0,0.0,31666.666666666668,
Zap-Prad_Cas-003M-102_04-03-02_SIERR-10345-20769,Inm24,Zap,Praderas de San Antonio,Ven,Cas,102.0,4.0,2.0,3178000.0,,-103.457524,20.769887,205.0,3.0,0.0,31156.86274509804,
Zap-Prad_Cas-002M-130_03-02-02_JoseA-10345-20766,Inm24,Zap,Praderas de San Antonio,Ven,Cas,130.0,3.0,2.0,2000000.0,,-103.456172,20.766553,,2.0,,15384.615384615385,
Zap-Prad_Cas-003M-135_03-03-02_PUERT-10338-20765,Inm24,Zap,Praderas del Centinela,Ven,Cas,135.0,3.0,2.0,3200000.0,,-103.387553,20.765453,260.0,3.0,6.0,23703.703703703704,
Zap-Prad_Cas-003M-150_03-03-02_Alvar-10338-20765,Inm24,Zap,Praderas del Centinela,Ven,Cas,150.0,3.0,2.0,3750000.0,1200.0,-103.386091,20.765029,135.0,3.0,8.0,25000.0,
Zap-Prad_Cas-003M-090_04-03-03_SIERR-10338-20765,Inm24,Zap,Praderas del Centinela,Ven,Cas,90.0,4.0,3.0,3750000.0,300.0,-103.386091,20.765029,52.0,3.0,10.0,41666.66666666666,
Zap-Prad_Cas-003M-150_03-03-02_Alvar-10338-20765,Inm24,Zap,Praderas del Centinela,Ven,Cas,150.0,3.0,2.0,3700000.0,1200.0,-103.386091,20.765029,,3.0,,24666.666666666668,
Zap-Prad_Cas-005M-176_04-02-01_MUROR-10342-20673,Inm24,Zap,Prados Guadalupe,Ven,Cas,176.0,4.0,1.0,5000000.0,,-103.420474,20.673468,,2.0,0.0,28409.090909090908,
Zap-Prad_Cas-006M-175_03-02-02_TREGO-10342-20672,Inm24,Zap,Prados Guadalupe,Ven,Cas,175.0,3.0,2.0,6050000.0,,-103.420775,20.672964,,2.5,,34571.42857142857,
Zap-Prad_Cas-005M-122_04-02-02_DESAR-10341-20673,Inm24,Zap,Prados Guadalupe,Ven,Cas,122.0,4.0,2.0,5500000.0,,-103.417965,20.673178,,2.0,,45081.96721311475,
Zap-Puer_Cas-039M-529_04-05-04_Punta-10342-20696,Inm24,Zap,Puerta Aqua,Ven,Cas,529.0,4.0,4.0,39500000.0,,-103.423002,20.696994,276.0,5.5,2.0,74669.18714555766,
Zap-Puer_Cas-002M-120_03-04-02_SIERR-10347-20794,Inm24,Zap,Puerta Tesistán,Ven,Cas,120.0,3.0,2.0,2500000.0,300.0,-103.478303,20.794599,,4.0,0.0,20833.33333333333,
Zap-Puer_Cas-013M-350_03-03-03_ArkoI-10342-20693,Inm24,Zap,Puerta del Roble,Ven,Cas,350.0,3.0,3.0,13860749.0,,-103.425253,20.693995,,3.5,0.0,39602.14,
Zap-Puer_Cas-008M-193_03-03-03_CityR-10342-20693,Inm24,Zap,Puerta del Roble,Ven,Cas,193.0,3.0,3.0,8250000.0,1.0,-103.425253,20.693995,,3.5,0.0,42746.113989637306,
Zap-Puer_Cas-010M-236_03-03-01_SIERR-10342-20724,Inm24,Zap,Puerta del Valle,Ven,Cas,236.0,3.0,1.0,10650000.0,,-103.421557,20.724849,31.0,3.5,15.0,45127.1186440678,
Zap-Puer_Cas-010M-236_03-03-02_Grupo-10342-20723,Inm24,Zap,Puerta del Valle,Ven,Cas,236.0,3.0,2.0,10650000.0,,-103.421786,20.723086,3.0,3.5,15.0,45127.1186440678,
Zap-Puer_Cas-010M-235_03-03-03_DARAR-10342-20724,Inm24,Zap,Puerta del Valle,Ven,Cas,235.0,3.0,3.0,10650000.0,1800.0,-103.421557,20.724849,37.0,3.5,15.0,45319.14893617021,
Zap-Puer_Cas-009M-188_03-03-03_JUCAL-10342-20723,Inm24,Zap,Puerta del Valle,Ven,Cas,188.0,3.0,3.0,9200000.0,,-103.421911,20.723163,,3.5,,48936.17021276596,
Zap-Punt_Cas-001M-065_02-01-01_GDLPr-10340-20760,Inm24,Zap,Punta Valdepeñas I,Ven,Cas,65.0,2.0,1.0,1980000.0,1.0,-103.406094,20.760564,,1.0,,30461.53846153846,
Zap-Quin_Cas-002M-095_02-01-01_Pulpp-10338-20760,Inm24,Zap,Quintas del Bosque,Ven,Cas,95.0,2.0,1.0,2660000.0,,-103.380483,20.760168,162.0,1.0,19.0,28000.0,
Zap-Quin_Cas-002M-070_02-01-01_Pulpp-10338-20760,Inm24,Zap,Quintas del Bosque,Ven,Cas,70.0,2.0,1.0,2660000.0,,-103.380483,20.760168,,1.0,,38000.0,
Zap-Quin_Cas-003M-130_03-02-02_KWGRA-10338-20758,Inm24,Zap,Quintas del Bosque,Ven,Cas,130.0,3.0,2.0,3500000.0,,-103.380722,20.758849,,2.5,,26923.07692307692,
Zap-Quin_Cas-003M-096_03-02-02_ASESO-10337-20760,Inm24,Zap,Quintas del Bosque,Ven,Cas,96.0,3.0,2.0,3490000.0,,-103.37969,20.760582,,2.5,,36354.16666666666,
Zap-Quin_Cas-002M-142_02-02-00_Evers-10334-20735,Inm24,Zap,Quintas del Federalismo,Ven,Cas,142.0,2.0,,2200000.0,,-103.348442,20.735373,189.0,2.0,0.0,15492.957746478873,
Zap-Quin_Cas-004M-109_04-02-02_MARIB-10335-20735,Inm24,Zap,Quintas del Federalismo,Ven,Cas,109.0,4.0,2.0,4200000.0,,-103.35067,20.7355,,2.5,,38532.11009174312,
Zap-Quin_Cas-001M-069_03-01-01_Centu-10343-20752,Inm24,Zap,Quintas del Valle,Ven,Cas,69.0,3.0,1.0,1990000.0,750.0,-103.436332,20.752893,23.0,1.0,22.0,28840.579710144928,
Zap-Quin_Cas-003M-135_03-02-01_Gerar-10343-20752,Inm24,Zap,Quintas del Valle,Ven,Cas,135.0,3.0,1.0,3690000.0,,-103.436332,20.752893,,2.0,,27333.33333333333,
Zap-Ranc_Cas-024M-353_03-04-02_Beker-10347-20713,Inm24,Zap,Rancho Contento,Ven,Cas,353.0,3.0,2.0,24800000.0,,-103.479657,20.71303,14.0,4.0,5.0,70254.95750708216,
Zap-Rdad_Cas-009M-200_03-02-02_TopGr-10334-20736,Inm24,Zap,Rda. del Auditorio,Ven,Cas,200.0,3.0,2.0,9450000.0,,-103.344235,20.736793,288.0,2.5,10.0,47250.0,
Zap-Rdad_Cas-002M-087_02-01-01_Evers-10334-20737,Inm24,Zap,Rda. del Auditorio,Ven,Cas,87.0,2.0,1.0,2495000.0,,-103.347317,20.73759,17.0,1.5,15.0,28678.16091954023,
Zap-Rdad_Cas-002M-087_02-01-01_Evers-10334-20737,Inm24,Zap,Rda. del Auditorio,Ven,Cas,87.0,2.0,1.0,2495000.0,,-103.345033,20.737333,15.0,1.5,25.0,28678.16091954023,
Zap-Real_Cas-004M-190_03-03-02_INMOB-10342-20771,Inm24,Zap,Real Cantabria,Ven,Cas,190.0,3.0,2.0,4200000.0,1050.0,-103.427107,20.771652,62.0,3.5,10.0,22105.263157894737,
Zap-Real_Cas-001M-077_02-02-01_KWGRA-10342-20769,Inm24,Zap,Real Cantabria,Ven,Cas,77.0,2.0,1.0,1850000.0,,-103.427116,20.769082,27.0,2.0,,24025.974025974025,
Zap-Real_Cas-004M-099_03-02-02_SIERR-10342-20769,Inm24,Zap,Real Cantabria,Ven,Cas,99.0,3.0,2.0,4100000.0,850.0,-103.426101,20.76953,,2.5,,41414.14141414141,
Zap-Real_Cas-001M-082_03-02-02_Inmob-10342-20770,Inm24,Zap,Real Cantabria,Ven,Cas,82.0,3.0,2.0,1850000.0,,-103.426926,20.770736,,2.0,,22560.975609756097,
Zap-Real_Cas-001M-081_03-03-02_SIERR-10347-20784,Inm24,Zap,Real de Tesistán,Ven,Cas,81.0,3.0,2.0,1850000.0,,-103.474909,20.784988,,3.0,,22839.506172839505,
Zap-Rese_Cas-035M-556_03-03-04_Gaant-10343-20722,Inm24,Zap,Reserva Real,Ven,Cas,556.0,3.0,4.0,35000000.0,,-103.439281,20.722029,,3.0,0.0,62949.64028776978,
Zap-Rese_Cas-027M-561_04-04-04_Urban-10343-20722,Inm24,Zap,Reserva Real,Ven,Cas,561.0,4.0,4.0,27350000.0,,-103.439281,20.722029,159.0,4.5,0.0,48752.22816399287,
Zap-Rese_Cas-030M-556_03-03-04_Gaant-10343-20722,Inm24,Zap,Reserva Real,Ven,Cas,556.0,3.0,4.0,30000000.0,,-103.438895,20.722019,,3.5,,53956.8345323741,
Zap-Resi_Cas-003M-112_04-02-02_Propi-10342-20738,Inm24,Zap,Residencial del Valle,Ven,Cas,112.0,4.0,2.0,3600000.0,400.0,-103.427357,20.738345,300.0,2.5,24.0,32142.85714285714,
Zap-Revo_Cas-003M-520_04-02-04_CENTU-10349-20808,Inm24,Zap,Revolución,Ven,Cas,520.0,4.0,4.0,3500000.0,,-103.492434,20.808946,240.0,2.5,2.0,6730.769230769231,
Zap-Revo_Cas-002M-210_02-02-01_ReMax-10349-20807,Inm24,Zap,Revolución,Ven,Cas,210.0,2.0,1.0,2250000.0,,-103.493,20.8079,,2.0,,10714.285714285714,
Zap-Revo_Cas-003M-440_04-02-04_CENTU-10349-20808,Inm24,Zap,Revolución,Ven,Cas,440.0,4.0,4.0,3800000.0,,-103.492434,20.808946,,2.5,,8636.363636363636,
Zap-Rinc_Cas-002M-082_02-01-01_VECOR-10344-20761,Inm24,Zap,Rinconadas de Zapopan,Ven,Cas,82.0,2.0,1.0,2200000.0,330.0,-103.44399,20.761435,31.0,1.0,12.0,26829.26829268293,
Zap-Rinc_Cas-002M-085_02-01-01_ERIKA-10344-20761,Inm24,Zap,Rinconadas de Zapopan,Ven,Cas,85.0,2.0,1.0,2190000.0,,-103.445324,20.761614,74.0,1.5,15.0,25764.70588235294,
Zap-Rinc_Cas-001M-069_03-01-01_Venta-10344-20749,Inm24,Zap,Rinconadas del Aire,Ven,Cas,69.0,3.0,1.0,1950000.0,,-103.442784,20.749577,66.0,1.5,1.0,28260.869565217392,
Zap-Rinc_Cas-002M-070_02-01-01_Grupo-10344-20749,Inm24,Zap,Rinconadas del Aire,Ven,Cas,70.0,2.0,1.0,2150000.0,,-103.442262,20.749353,,1.5,,30714.285714285717,
Zap-Rinc_Cas-003M-120_03-02-02_DACHV-10343-20755,Inm24,Zap,Rincón del Valle,Ven,Cas,120.0,3.0,2.0,3200000.0,500.0,-103.432847,20.755825,,2.5,,26666.666666666668,
Zap-SanB_Cas-031M-580_03-03-04_AMCoB-10341-20705,Inm24,Zap,San Bernardo,Ven,Cas,580.0,3.0,4.0,31850000.0,,-103.411405,20.705148,,3.5,5.0,54913.79310344828,
Zap-SanB_Cas-027M-600_03-03-04_Gaant-10341-20705,Inm24,Zap,San Bernardo,Ven,Cas,600.0,3.0,4.0,27900000.0,,-103.411405,20.705148,,3.5,0.0,46500.0,
Zap-SanF_Cas-003M-100_03-02-01_ALTUR-10339-20750,Inm24,Zap,San Francisco,Ven,Cas,100.0,3.0,1.0,3260000.0,600.0,-103.391776,20.75053,259.0,2.0,15.0,32600.0,
Zap-SanF_Cas-003M-100_03-03-02_KWGRA-10339-20750,Inm24,Zap,San Francisco,Ven,Cas,100.0,3.0,2.0,3180000.0,,-103.393993,20.750737,45.0,3.0,,31800.0,
Zap-SanF_Cas-006M-160_04-03-02_karla-10339-20751,Inm24,Zap,San Francisco,Ven,Cas,160.0,4.0,2.0,6250000.0,,-103.39206,20.751125,81.0,3.0,15.0,39062.5,
Zap-SanI_Cas-001M-066_02-01-01_TERRE-10339-20730,Inm24,Zap,San Isidro Ejidal,Ven,Cas,66.0,2.0,1.0,1200000.0,,-103.39733,20.730551,238.0,1.5,0.0,18181.81818181818,
Zap-SanI_Cas-002M-187_03-01-01_CREAL-10339-20729,Inm24,Zap,San Isidro Ejidal,Ven,Cas,187.0,3.0,1.0,2450000.0,,-103.39768,20.729663,,1.5,,13101.604278074868,
Zap-SanI_Cas-005M-210_04-02-02_VISMA-10338-20758,Inm24,Zap,San Isidro Residencial,Ven,Cas,210.0,4.0,2.0,5400000.0,,-103.384975,20.758587,,2.5,15.0,25714.285714285717,
Zap-SanI_Cas-005M-198_04-03-02_INVER-10338-20757,Inm24,Zap,San Isidro Residencial,Ven,Cas,198.0,4.0,2.0,5795000.0,,-103.385806,20.757239,,3.5,0.0,29267.676767676767,
Zap-SanI_Cas-003M-147_03-02-02_KWGRA-10338-20757,Inm24,Zap,San Isidro Residencial,Ven,Cas,147.0,3.0,2.0,3990000.0,,-103.385738,20.757061,,2.5,,27142.85714285714,
Zap-SanI_Cas-005M-198_04-03-02_INVER-10338-20757,Inm24,Zap,San Isidro Residencial,Ven,Cas,198.0,4.0,2.0,5745000.0,,-103.385806,20.757239,,3.5,0.0,29015.15151515152,
Zap-SanJ_Cas-003M-188_03-01-00_Ammar-10340-20733,Inm24,Zap,San José del Bajío,Ven,Cas,188.0,3.0,,3249000.0,,-103.404124,20.733684,197.0,1.5,30.0,17281.91489361702,
Zap-SanM_Cas-008M-213_04-03-02_VECOR-10338-20717,Inm24,Zap,San Miguel de La Colina,Ven,Cas,213.0,4.0,2.0,8950000.0,1200.0,-103.388354,20.717576,207.0,3.0,22.0,42018.779342723006,
Zap-SanW_Cas-016M-475_04-05-03_Ferna-10340-20697,Inm24,Zap,San Wenceslao,Ven,Cas,475.0,4.0,3.0,16490000.0,,-103.409799,20.697758,40.0,5.5,20.0,34715.78947368421,
Zap-SanW_Cas-016M-475_04-05-03_nesto-10340-20698,Inm24,Zap,San Wenceslao,Ven,Cas,475.0,4.0,3.0,16490000.0,,-103.407483,20.698449,,5.5,0.0,34715.78947368421,
Zap-Sant_Cas-005M-266_03-03-02_Viter-10342-20650,Inm24,Zap,Santa Catalina,Ven,Cas,266.0,3.0,2.0,5900000.0,,-103.425572,20.650789,149.0,3.5,8.0,22180.45112781955,
Zap-Sant_Cas-012M-290_04-04-04_ALCBI-10345-20725,Inm24,Zap,Santa Catalina,Ven,Cas,290.0,4.0,4.0,12600000.0,,-103.451233,20.725679,,4.5,0.0,43448.27586206896,
Zap-Sant_Cas-006M-266_03-03-02_Viter-10342-20650,Inm24,Zap,Santa Catalina,Ven,Cas,266.0,3.0,2.0,6100000.0,,-103.425572,20.650789,,3.5,,22932.330827067668,
Zap-Sant_Cas-010M-229_03-03-04_INVER-10345-20725,Inm24,Zap,Santa Catalina,Ven,Cas,229.0,3.0,4.0,10800000.0,,-103.451538,20.725763,,3.5,,47161.57205240175,
Zap-Sant_Cas-002M-178_03-01-00_AURAI-10340-20729,Inm24,Zap,Santa Margarita,Ven,Cas,178.0,3.0,,2850000.0,,-103.408126,20.72902,,1.5,,16011.23595505618,
Zap-Seat_Cas-014M-292_04-05-03_DACHV-10337-20718,Inm24,Zap,Seattle,Ven,Cas,292.0,4.0,3.0,14440000.0,,-103.37379,20.718675,156.0,5.0,0.0,49452.05479452055,
Zap-Seat_Cas-009M-210_04-04-02_Eduar-10337-20719,Inm24,Zap,Seattle,Ven,Cas,210.0,4.0,2.0,9000000.0,,-103.371858,20.71945,,4.0,,42857.142857142855,
Zap-Send_Cas-005M-210_03-03-02_KWGRA-10342-20778,Inm24,Zap,Sendas,Ven,Cas,210.0,3.0,2.0,5100000.0,,-103.423102,20.77874,55.0,3.0,,24285.714285714286,
Zap-Send_Cas-004M-190_03-04-02_ALIMA-10342-20780,Inm24,Zap,Sendas,Ven,Cas,190.0,3.0,2.0,4150000.0,,-103.421227,20.780149,,4.0,,21842.105263157893,
Zap-Send_Cas-005M-206_03-04-02_EVERD-10342-20778,Inm24,Zap,Sendas,Ven,Cas,206.0,3.0,2.0,5599999.0,1015.0,-103.422622,20.77898,,4.0,0.0,27184.461165048546,
Zap-Send_Cas-006M-240_04-03-02_GuiaE-10342-20780,Inm24,Zap,Sendas,Ven,Cas,240.0,4.0,2.0,6250000.0,,-103.424475,20.78049,,3.0,,26041.666666666668,
Zap-Send_Cas-004M-174_03-03-02_Remax-10341-20778,Inm24,Zap,Sendas Residencial G2,Ven,Cas,174.0,3.0,2.0,4220000.0,,-103.415831,20.778906,,3.5,0.0,24252.873563218396,
Zap-Sevi_Cas-003M-110_02-02-02_REPUB-10344-20653,Inm24,Zap,Sevilla,Ven,Cas,110.0,2.0,2.0,3400000.0,,-103.441468,20.653014,,2.5,0.0,30909.090909090908,
Zap-Sevi_Cas-003M-135_03-02-02_GRUPO-10344-20652,Inm24,Zap,Sevilla,Ven,Cas,135.0,3.0,2.0,3800000.0,,-103.441699,20.652517,210.0,2.5,4.0,28148.14814814815,
Zap-Sevi_Cas-003M-087_03-02-01_Domin-10344-20653,Inm24,Zap,Sevilla,Ven,Cas,87.0,3.0,1.0,3390000.0,,-103.442941,20.653433,55.0,2.0,18.0,38965.51724137931,
Zap-Sevi_Cas-003M-075_03-02-02_PAULI-10344-20652,Inm24,Zap,Sevilla,Ven,Cas,75.0,3.0,2.0,3800000.0,,-103.441699,20.652517,,2.5,,50666.66666666666,
Zap-Sola_Cas-006M-192_04-03-03_Vival-10346-20723,Inm24,Zap,Solares Althea,Ven,Cas,192.0,4.0,3.0,6800000.0,1688.0,-103.468146,20.723478,29.0,3.5,0.0,35416.666666666664,
Zap-Sola_Cas-007M-192_04-04-02_PARED-10346-20724,Inm24,Zap,Solares Althea,Ven,Cas,192.0,4.0,2.0,7150000.0,,-103.466941,20.724207,29.0,4.0,0.0,37239.583333333336,
Zap-Sola_Cas-006M-192_04-03-03_Inmob-10346-20724,Inm24,Zap,Solares Althea,Ven,Cas,192.0,4.0,3.0,6800000.0,,-103.46665,20.724245,89.0,3.0,5.0,35416.666666666664,
Zap-Sola_Cas-007M-230_03-04-02_David-10346-20723,Inm24,Zap,Solares Althea,Ven,Cas,230.0,3.0,2.0,7800000.0,,-103.467437,20.723795,,4.5,0.0,33913.04347826087,
Zap-Sola_Cas-011M-310_03-04-03_TALEN-10346-20725,Inm24,Zap,Solares Aveira,Ven,Cas,310.0,3.0,3.0,11500000.0,1800.0,-103.465311,20.72589,24.0,4.0,0.0,37096.77419354839,
Zap-Sole_Cas-007M-238_03-02-02_Piso9-10345-20731,Inm24,Zap,Sole Real,Ven,Cas,238.0,3.0,2.0,7295000.0,1750.0,-103.454682,20.731524,,2.5,,30651.26050420168,
Zap-Sole_Cas-015M-348_04-04-04_LAMAT-10345-20731,Inm24,Zap,Sole Real,Ven,Cas,348.0,4.0,4.0,15900000.0,,-103.45464,20.731556,,4.5,,45689.65517241379,
Zap-Somo_Cas-002M-118_03-02-02_KWGRA-10345-20810,Inm24,Zap,Somos,Ven,Cas,118.0,3.0,2.0,2990000.0,,-103.45173,20.810964,36.0,2.0,,25338.98305084746,
Zap-Soto_Cas-002M-096_03-03-02_Capri-10347-20784,Inm24,Zap,Soto Park,Ven,Cas,96.0,3.0,2.0,2400000.0,,-103.475931,20.784076,91.0,3.0,15.0,25000.0,
Zap-Soto_Cas-001M-090_02-02-02_Fabio-10347-20784,Inm24,Zap,Soto Park,Ven,Cas,90.0,2.0,2.0,1990000.0,400.0,-103.476599,20.784434,32.0,2.5,7.0,22111.11111111111,
Zap-Tepe_Cas-007M-247_02-02-02_Capri-10338-20724,Inm24,Zap,Tepeyac,Ven,Cas,247.0,2.0,2.0,7230000.0,,-103.383493,20.724273,,2.0,0.0,29271.255060728745,
Zap-Tepe_Cas-001M-225_03-02-00_Evers-10338-20728,Inm24,Zap,Tepeyac,Ven,Cas,225.0,3.0,,1900000.0,,-103.389032,20.728844,,2.0,,8444.444444444445,
Zap-Tepe_Cas-003M-218_03-02-01_MONIC-10338-20724,Inm24,Zap,Tepeyac,Ven,Cas,218.0,3.0,1.0,3800000.0,,-103.38707,20.7242,,2.5,,17431.19266055046,
Zap-Tier_Cas-002M-115_03-01-02_VEOCo-10347-20804,Inm24,Zap,Tierra Residencial,Ven,Cas,115.0,3.0,2.0,2490000.0,500.0,-103.472261,20.804681,315.0,1.5,13.0,21652.17391304348,
Zap-Tier_Cas-002M-185_03-02-02_VCJIn-10347-20804,Inm24,Zap,Tierra Residencial,Ven,Cas,185.0,3.0,2.0,2895000.0,,-103.473127,20.804497,171.0,2.5,0.0,15648.648648648648,
Zap-Tier_Cas-002M-120_03-02-04_Guada-10347-20802,Inm24,Zap,Tierra Residencial,Ven,Cas,120.0,3.0,4.0,2750000.0,,-103.470277,20.802921,13.0,2.5,16.0,22916.666666666668,
Zap-Tier_Cas-002M-115_03-01-02_VEOCo-10347-20804,Inm24,Zap,Tierra Residencial,Ven,Cas,115.0,3.0,2.0,2390000.0,500.0,-103.472261,20.804681,,1.5,,20782.60869565217,
Zap-Tren_Cas-003M-127_03-03-02_Arzia-10346-20622,Inm24,Zap,Trento,Ven,Cas,127.0,3.0,2.0,3723000.0,,-103.468337,20.622841,21.0,3.5,,29314.96062992126,
Zap-Unid_Cas-006M-161_03-02-03_MONIC-10342-20634,Inm24,Zap,Unidad Cadete Fco. Márquez,Ven,Cas,161.0,3.0,3.0,6500000.0,,-103.423311,20.63408,145.0,2.0,50.0,40372.67080745342,
Zap-Unid_Cas-006M-300_03-02-03_Malse-10342-20634,Inm24,Zap,Unidad Cadete Fco. Márquez,Ven,Cas,300.0,3.0,3.0,6500000.0,,-103.423311,20.63408,138.0,2.0,39.0,21666.666666666668,
Zap-Unid_Cas-004M-176_04-02-02_MARIB-10334-20734,Inm24,Zap,Unidad José Luis López Portillo,Ven,Cas,176.0,4.0,2.0,4200000.0,,-103.346095,20.734809,,2.5,30.0,23863.636363636364,
Zap-Vald_Cas-004M-167_03-02-03_iadIn-10340-20761,Inm24,Zap,Valdepeñas II,Ven,Cas,167.0,3.0,3.0,4950000.0,,-103.401629,20.761969,3.0,2.5,0.0,29640.71856287425,
Zap-Vald_Cas-003M-117_03-02-01_GRUPO-10340-20761,Inm24,Zap,Valdepeñas II,Ven,Cas,117.0,3.0,1.0,3240000.0,,-103.400033,20.76193,,2.5,,27692.30769230769,
Zap-Vald_Cas-003M-170_02-02-02_iadMe-10340-20762,Inm24,Zap,Valdepeñas II,Ven,Cas,170.0,2.0,2.0,3600000.0,,-103.400032,20.76221,,2.5,,21176.470588235294,
Zap-Vall_Cas-012M-363_04-04-02_JUCAL-10345-20687,Inm24,Zap,Vallarta,Ven,Cas,363.0,4.0,2.0,12000000.0,,-103.452279,20.687426,24.0,4.5,12.0,33057.85123966942,
Zap-Vall_Cas-007M-173_04-05-04_GoldH-10345-20687,Inm24,Zap,Vallarta,Ven,Cas,173.0,4.0,4.0,7590000.0,,-103.450477,20.687684,,5.0,,43872.8323699422,
Zap-Vall_Cas-007M-178_04-02-02_PRYAg-10342-20676,Inm24,Zap,Vallarta La Patria,Ven,Cas,178.0,4.0,2.0,7099000.0,,-103.420509,20.676183,,2.5,0.0,39882.02247191011,
Zap-Vall_Cas-002M-122_03-03-02_VECOR-10346-20787,Inm24,Zap,Valle Norte,Ven,Cas,122.0,3.0,2.0,2280000.0,500.0,-103.469627,20.787655,39.0,3.0,12.0,18688.524590163932,
Zap-Vall_Cas-001M-130_02-01-01_Casar-10346-20775,Inm24,Zap,Valle de La Providencia,Ven,Cas,130.0,2.0,1.0,1480000.0,,-103.465395,20.775479,,1.0,,11384.615384615385,
Zap-Vall_Cas-001M-121_02-01-02_Grupo-10342-20851,Inm24,Zap,Valle de Los Molinos,Ven,Cas,121.0,2.0,2.0,1600000.0,,-103.426423,20.851651,28.0,1.5,,13223.140495867769,
Zap-Vall_Cas-001M-129_04-02-01_Capri-10342-20846,Inm24,Zap,Valle de Los Molinos,Ven,Cas,129.0,4.0,1.0,1700000.0,,-103.426123,20.846376,203.0,2.5,5.0,13178.29457364341,
Zap-Vall_Cas-001M-060_02-01-01_SOTOY-10342-20852,Inm24,Zap,Valle de Los Molinos,Ven,Cas,60.0,2.0,1.0,1130000.0,,-103.427997,20.852354,31.0,1.0,10.0,18833.33333333333,
Zap-Vall_Cas-720K-048_02-01-00_Capri-10342-20851,Inm24,Zap,Valle de Los Molinos,Ven,Cas,48.0,2.0,,720000.0,,-103.426896,20.851028,,1.0,,15000.0,
Zap-Vall_Cas-003M-130_02-03-01_David-10338-20751,Inm24,Zap,Valle de Los Sauces,Ven,Cas,130.0,2.0,1.0,3700000.0,,-103.382656,20.751295,36.0,3.5,5.0,28461.53846153846,
Zap-Vall_Cas-004M-096_04-02-02_SIERR-10338-20752,Inm24,Zap,Valle de Los Sauces,Ven,Cas,96.0,4.0,2.0,4750000.0,500.0,-103.384425,20.752158,51.0,2.5,7.0,49479.16666666666,
Zap-Vall_Cas-003M-150_03-02-02_Sandr-10338-20749,Inm24,Zap,Valle de Los Sauces,Ven,Cas,150.0,3.0,2.0,3650000.0,,-103.381048,20.749389,72.0,2.5,12.0,24333.33333333333,
Zap-Vall_Cas-004M-160_03-03-02_Enriq-10338-20751,Inm24,Zap,Valle de Los Sauces,Ven,Cas,160.0,3.0,2.0,4850000.0,,-103.382656,20.751295,34.0,3.0,3.0,30312.5,
Zap-Vall_Cas-002M-099_03-02-02_PARED-10346-20627,Inm24,Zap,Valle de San Nicolas,Ven,Cas,99.0,3.0,2.0,2500000.0,,-103.46058,20.627542,169.0,2.5,5.0,25252.52525252525,
Zap-Vall_Cas-002M-075_02-01-02_VALFE-10347-20631,Inm24,Zap,Valle del Fortín,Ven,Cas,75.0,2.0,2.0,2290000.0,,-103.47288,20.631499,30.0,1.0,4.0,30533.33333333333,
Zap-Vice_Cas-002M-180_02-01-00_Capri-10343-20766,Inm24,Zap,Vicente Guerrero,Ven,Cas,180.0,2.0,,2000000.0,,-103.436005,20.766048,,1.0,10.0,11111.111111111111,
Zap-Vill_Cas-029M-500_04-05-04_Hunte-10340-20718,Inm24,Zap,Villa Coral,Ven,Cas,500.0,4.0,4.0,29000000.0,,-103.400904,20.718613,,5.5,10.0,58000.0,
Zap-Vill_Cas-041M-958_04-05-04_Grupo-10340-20717,Inm24,Zap,Villa Coral,Ven,Cas,958.0,4.0,4.0,41500000.0,21000.0,-103.400731,20.717279,324.0,5.0,23.0,43319.415448851774,
Zap-Vill_Cas-013M-302_04-04-04_Marce-10342-20691,Inm24,Zap,Villa La Cima,Ven,Cas,302.0,4.0,4.0,13200000.0,,-103.427885,20.691712,,4.0,,43708.60927152318,
Zap-Vill_Cas-002M-111_03-03-01_JuanM-10334-20751,Inm24,Zap,Villa de Guadalupe,Ven,Cas,111.0,3.0,1.0,2560000.0,,-103.348443,20.751089,137.0,3.0,23.0,23063.063063063066,
Zap-Vill_Cas-002M-111_03-03-01_JuanM-10334-20751,Inm24,Zap,Villa de Guadalupe,Ven,Cas,111.0,3.0,1.0,2550000.0,,-103.348426,20.751256,,3.0,,22972.972972972973,
Zap-Vill_Cas-004M-186_03-03-02_Avila-10337-20731,Inm24,Zap,Villas Belenes,Ven,Cas,186.0,3.0,2.0,4800000.0,,-103.379436,20.731007,100.0,3.0,7.0,25806.451612903227,
Zap-Vill_Cas-003M-086_02-03-01_Cuéll-10337-20731,Inm24,Zap,Villas Belenes,Ven,Cas,86.0,2.0,1.0,3100000.0,,-103.378528,20.731223,20.0,3.0,9.0,36046.51162790698,
Zap-Vill_Cas-002M-108_03-03-01_INMOB-10344-20624,Inm24,Zap,Villas Perisur,Ven,Cas,108.0,3.0,1.0,2350000.0,,-103.443462,20.624788,13.0,3.0,14.0,21759.25925925926,
Zap-Vill_Cas-002M-127_03-02-00_Danie-10340-20752,Inm24,Zap,Villas Torremolinos,Ven,Cas,127.0,3.0,,2400000.0,,-103.401996,20.752245,37.0,2.5,20.0,18897.63779527559,
Zap-Vill_Cas-002M-071_02-01-01_Piso9-10346-20627,Inm24,Zap,Villas de Otero,Ven,Cas,71.0,2.0,1.0,2200000.0,300.0,-103.463809,20.627355,,1.5,,30985.915492957745,
Zap-Vill_Cas-002M-075_03-02-01_Biene-10346-20626,Inm24,Zap,Villas de Otero,Ven,Cas,75.0,3.0,1.0,2230000.0,,-103.46286,20.626373,,2.0,,29733.33333333333,
Zap-Vill_Cas-002M-128_03-02-02_Habix-10347-20802,Inm24,Zap,Villas de Tesistán,Ven,Cas,128.0,3.0,2.0,2350000.0,,-103.479358,20.802027,89.0,2.0,,18359.375,
Zap-Vill_Cas-002M-104_03-02-02_Angel-10344-20621,Inm24,Zap,Villas del Ixtepete,Ven,Cas,104.0,3.0,2.0,2250000.0,,-103.443015,20.621063,122.0,2.5,13.0,21634.615384615383,
Zap-Vill_Cas-002M-082_02-02-02_Onest-10344-20619,Inm24,Zap,Villas del Ixtepete,Ven,Cas,82.0,2.0,2.0,2600000.0,,-103.441951,20.619827,74.0,2.5,12.0,31707.31707317073,
Zap-Vill_Cas-002M-104_03-01-02_KWGRA-10342-20751,Inm24,Zap,Villas del Palmar,Ven,Cas,104.0,3.0,2.0,2900000.0,,-103.426124,20.75161,55.0,1.0,,27884.615384615383,
Zap-Vill_Cas-003M-140_03-02-02_ENLAC-10342-20750,Inm24,Zap,Villas del Palmar,Ven,Cas,140.0,3.0,2.0,3500000.0,,-103.425954,20.750122,,2.5,,25000.0,
Zap-Vill_Cas-002M-127_04-03-01_INMOP-10344-20783,Inm24,Zap,Villas del Valle,Ven,Cas,127.0,4.0,1.0,2150000.0,,-103.446492,20.783206,,3.0,,16929.133858267716,
Zap-Vist_Cas-002M-128_03-02-02_Habix-10348-20816,Inm24,Zap,Vistas de Tesistán,Ven,Cas,128.0,3.0,2.0,2250000.0,,-103.485031,20.816515,12.0,2.0,,17578.125,
Zap-Vist_Cas-001M-100_02-01-00_Hogar-10348-20817,Inm24,Zap,Vistas de Tesistán,Ven,Cas,100.0,2.0,,1190000.0,,-103.485909,20.817818,,1.0,,11900.0,
Zap-Vist_Cas-008M-296_03-04-03_EINMO-10345-20610,Inm24,Zap,Vistas del Sol,Ven,Cas,296.0,3.0,3.0,8000000.0,1920.0,-103.459049,20.610911,,4.5,,27027.027027027027,
Zap-Zapo_Cas-004M-155_03-02-04_MARIA-10338-20753,Inm24,Zap,Zapopan,Ven,Cas,155.0,3.0,4.0,4705000.0,1400.0,-103.384437,20.753726,,2.5,0.0,30354.83870967742,
Zap-Zeni_Cas-004M-183_04-03-02_ALIMA-10347-20627,Inm24,Zap,Zenith,Ven,Cas,183.0,4.0,2.0,4350000.0,,-103.474518,20.627468,313.0,3.0,4.0,23770.491803278688,
Zap-Zoqu_Cas-003M-100_02-01-01_JUDIT-10336-20715,Inm24,Zap,Zoquipan,Ven,Cas,100.0,2.0,1.0,3390000.0,,-103.367203,20.715989,2.0,1.5,19.0,33900.0,
Zap-Zoqu_Cas-008M-232_04-03-02_Maria-10336-20715,Inm24,Zap,Zoquipan,Ven,Cas,232.0,4.0,2.0,8280000.0,,-103.367525,20.715583,,3.5,0.0,35689.65517241379,
